catalog_id,title,region,edition,family_key,provisional_work_key,content_type,role,target_field,proposed_company,proposed_company_slug,source_names,company_resolution,current_company,recommended_action,confidence,safe_for_catalog_import,evidence_scope,source_count,sources,source_grades,source_urls,evidence_summary,guardrail,identifier_warning,current_cusa,pricecharting_model_cusa,publication_status
ps4-428-shibuya-scramble,428 Shibuya Scramble,PAL España,standard,428 shibuya scramble,428 shibuya scramble,GAME_OR_UNKNOWN,DEVELOPER,developer,Abstraction Games,abstraction-games,Abstraction Games BV | Abstraction Games,EXACT_NAME_OR_ALIAS,Spike Chunsoft,REPLACE_OR_ADD_REVIEW,HIGH,NO,GAME_WORK | GAME_WORK_OR_PS4_RELEASE | MATCHED_PS4_PRODUCT,3,PLAYSTATION_STORE_EXPLICIT_CREDIT | STEAM_STORE | WIKIPEDIA_PS4_LIST,A_OFFICIAL_MATCHED_TITLE_CREDIT | B_OTHER_PLATFORM | B_PS4_RELEASE,https://store.playstation.com/es-es/product/EP3617-CUSA11946_00-428SHIBUYASCRAEU | https://en.wikipedia.org/wiki/List_of_PlayStation_4_games_(A%E2%80%93L) | https://store.steampowered.com/app/648580,"Developed by Abstraction Games BV Licensed to and published 2018 by Koch Media GmbH, Austria | La lista específica de PS4 atribuye el desarrollo a esta compañía. | La ficha comercial de Steam confirma la desarrolladora de la obra, no necesariamente el port de PS4.",No propagar a ports o compilaciones sin comprobar sus créditos propios.,,CUSA07962_00,,HIGH_REPLACEMENT_BLOCKED
ps4-a-way-out,A Way Out,PAL España,standard,a way out,a way out,GAME_OR_UNKNOWN,DEVELOPER,developer,Hazelight Studios,hazelight-studios,Hazelight Studios,EXACT_NAME_OR_ALIAS,Hazelight,REPLACE_OR_ADD_REVIEW,HIGH,NO,GAME_WORK | GAME_WORK_OR_PS4_RELEASE | PS4_RELEASE,3,LAUNCHBOX_GAMES_DB | STEAM_STORE | WIKIPEDIA_PS4_LIST,B_OTHER_PLATFORM | B_PS4_RELEASE | C_DISCOVERY,https://en.wikipedia.org/wiki/List_of_PlayStation_4_games_(A%E2%80%93L) | https://store.steampowered.com/app/1222700 | https://gamesdb.launchbox-app.com/games/details/143587,"La lista específica de PS4 atribuye el desarrollo a esta compañía. | La ficha comercial de Steam confirma la desarrolladora de la obra, no necesariamente el port de PS4. | LaunchBox registra esta desarrolladora para su ficha de PS4.",No propagar a ports o compilaciones sin comprobar sus créditos propios.,,CUSA07919_00,,HIGH_REPLACEMENT_BLOCKED
ps4-ary-and-the-secret-of-seasons,Ary and the Secret of Seasons,PAL España,standard,ary and the secret of seasons,ary and the secret of seasons,GAME_OR_UNKNOWN,DEVELOPER,developer,Exiin,exiin,eXiin | Exiin,EXACT_NAME_OR_ALIAS,"eXiin, Fishing Cactus SA",REPLACE_OR_ADD_REVIEW,HIGH,NO,EXACT_PHYSICAL_EDITION | GAME_WORK | GAME_WORK_OR_PS4_RELEASE | PS4_RELEASE,5,LAUNCHBOX_GAMES_DB | PRICECHARTING_EXACT_PAL_PAGE | REGIONATLAS_LEGACY_PRICECHARTING_CREDIT | STEAM_STORE | WIKIPEDIA_PS4_LIST,B_EXACT_PHYSICAL | B_LEGACY_EXACT_PHYSICAL | B_OTHER_PLATFORM | B_PS4_RELEASE | C_DISCOVERY,https://www.pricecharting.com/game/pal-playstation-4/ary-and-the-secret-of-seasons | https://en.wikipedia.org/wiki/List_of_PlayStation_4_games_(A%E2%80%93L) | https://store.steampowered.com/app/935570 | https://gamesdb.launchbox-app.com/games/details/219163,"La ficha enlazada de la edición física PAL atribuye el desarrollo a esta compañía. | El crédito actual procede de la importación histórica de la ficha física enlazada; se contrasta con la consulta en vivo. | La lista específica de PS4 atribuye el desarrollo a esta compañía. | La ficha comercial de Steam confirma la desarrolladora de la obra, no necesariamente el port de PS4. | LaunchBox registra esta desarrolladora para su ficha de PS4.",No propagar a ports o compilaciones sin comprobar sus créditos propios.,,CUSA13262_00,CUSA13262_00,HIGH_REPLACEMENT_BLOCKED
ps4-assassin%27s-creed-iii-remastered,Assassin's Creed III Remastered,PAL España,standard,assassin s creed iii remastered,assassin s creed iii,EDITION_VARIANT,DEVELOPER,developer,Ubisoft Montreal,ubisoft-montreal,Ubisoft Montreal,EXACT_NAME_OR_ALIAS,"Ubisoft Montreal, Ubisoft Bucharest",REPLACE_OR_ADD_REVIEW,HIGH,NO,EXACT_PHYSICAL_EDITION | GAME_WORK_OR_PS4_RELEASE,3,PRICECHARTING_EXACT_PAL_PAGE | REGIONATLAS_LEGACY_PRICECHARTING_CREDIT | WIKIPEDIA_PS4_LIST,B_EXACT_PHYSICAL | B_LEGACY_EXACT_PHYSICAL | B_PS4_RELEASE,https://www.pricecharting.com/game/pal-playstation-4/assassin%27s-creed-iii-remastered | https://en.wikipedia.org/wiki/List_of_PlayStation_4_games_(A%E2%80%93L),La ficha enlazada de la edición física PAL atribuye el desarrollo a esta compañía. | El crédito actual procede de la importación histórica de la ficha física enlazada; se contrasta con la consulta en vivo. | La lista específica de PS4 atribuye el desarrollo a esta compañía.,No propagar a ports o compilaciones sin comprobar sus créditos propios.,,CUSA11560_00,CUSA11560_00,HIGH_REPLACEMENT_BLOCKED
ps4-assassin%27s-creed-odyssey-athenian-edition,Assassin's Creed: Odyssey [Athenian Edition],PAL España,standard,assassin s creed odyssey,assassin s creed odyssey,GAME_OR_UNKNOWN,DEVELOPER,developer,Ubisoft Quebec,ubisoft-quebec,Ubisoft Quebec,EXACT_NAME_OR_ALIAS,Ubisoft,REPLACE_OR_ADD_REVIEW,HIGH,NO,GAME_WORK | GAME_WORK_OR_PS4_RELEASE | PS4_RELEASE,3,LAUNCHBOX_GAMES_DB | STEAM_STORE | WIKIPEDIA_PS4_LIST,B_OTHER_PLATFORM | B_PS4_RELEASE | C_DISCOVERY,https://en.wikipedia.org/wiki/List_of_PlayStation_4_games_(A%E2%80%93L) | https://store.steampowered.com/app/812140 | https://gamesdb.launchbox-app.com/games/details/160210,"La lista específica de PS4 atribuye el desarrollo a esta compañía. | La ficha comercial de Steam confirma la desarrolladora de la obra, no necesariamente el port de PS4. | LaunchBox registra esta desarrolladora para su ficha de PS4.",No propagar a ports o compilaciones sin comprobar sus créditos propios.,,,,HIGH_REPLACEMENT_BLOCKED
ps4-assassin%27s-creed-syndicate,Assassin's Creed Syndicate,PAL España,standard,assassin s creed syndicate,assassin s creed syndicate,GAME_OR_UNKNOWN,DEVELOPER,developer,Ubisoft Quebec,ubisoft-quebec,Ubisoft Quebec,EXACT_NAME_OR_ALIAS,Ubisoft,REPLACE_OR_ADD_REVIEW,HIGH,NO,GAME_WORK | GAME_WORK_OR_PS4_RELEASE | PS4_RELEASE,4,LAUNCHBOX_GAMES_DB | STEAM_STORE | WIKIDATA | WIKIPEDIA_PS4_LIST,B_OTHER_PLATFORM | B_PS4_RELEASE | C_DISCOVERY,https://en.wikipedia.org/wiki/List_of_PlayStation_4_games_(A%E2%80%93L) | https://store.steampowered.com/app/368500 | https://www.wikidata.org/wiki/Q18602166 | https://gamesdb.launchbox-app.com/games/details/32131,"La lista específica de PS4 atribuye el desarrollo a esta compañía. | La ficha comercial de Steam confirma la desarrolladora de la obra, no necesariamente el port de PS4. | Wikidata registra la compañía como desarrolladora. | LaunchBox registra esta desarrolladora para su ficha de PS4.",No propagar a ports o compilaciones sin comprobar sus créditos propios.,,CUSA02376_00,,HIGH_REPLACEMENT_BLOCKED
ps4-astria-ascending,Astria Ascending,PAL España,standard,astria ascending,astria ascending,GAME_OR_UNKNOWN,PHYSICAL_PUBLISHER_OR_DISTRIBUTOR,publisher,Dear Villagers,dear-villagers,Dear Villagers,EXACT_NAME_OR_ALIAS,"Dear Villagers, Maple Whispering",REPLACE_OR_ADD_REVIEW,HIGH,NO,EXACT_PHYSICAL_EDITION | PAL_RELEASE,3,PRICECHARTING_EXACT_PAL_PAGE | REGIONATLAS_LEGACY_PRICECHARTING_CREDIT | WIKIPEDIA_PS4_LIST_PAL,B_EXACT_PHYSICAL | B_LEGACY_EXACT_PHYSICAL | B_PAL_RELEASE,https://www.pricecharting.com/game/pal-playstation-4/astria-ascending | https://en.wikipedia.org/wiki/List_of_PlayStation_4_games_(A%E2%80%93L),La ficha exacta de la edición física PAL etiqueta a esta compañía como Publisher; puede representar publicación o distribución física. | El crédito actual procede de la importación histórica de la ficha física enlazada; se contrasta con la consulta en vivo. | La columna PAL de la lista de PS4 atribuye la publicación a esta compañía.,Confirmar si la etiqueta Publisher representa publicación o distribución en la caja PAL.,,CUSA27169_00,,HIGH_REPLACEMENT_BLOCKED
ps4-astroneer,Astroneer,PAL España,standard,astroneer,astroneer,GAME_OR_UNKNOWN,DEVELOPER,developer,System Era Softworks,system-era-softworks,System Era Softworks,EXACT_NAME_OR_ALIAS,System Era,REPLACE_OR_ADD_REVIEW,HIGH,NO,GAME_WORK | GAME_WORK_OR_PS4_RELEASE | PS4_RELEASE,4,LAUNCHBOX_GAMES_DB | STEAM_STORE | WIKIDATA | WIKIPEDIA_PS4_LIST,B_OTHER_PLATFORM | B_PS4_RELEASE | C_DISCOVERY,https://en.wikipedia.org/wiki/List_of_PlayStation_4_games_(A%E2%80%93L) | https://store.steampowered.com/app/361420 | https://www.wikidata.org/wiki/Q28044889 | https://gamesdb.launchbox-app.com/games/details/207402,"La lista específica de PS4 atribuye el desarrollo a esta compañía. | La ficha comercial de Steam confirma la desarrolladora de la obra, no necesariamente el port de PS4. | Wikidata registra la compañía como desarrolladora. | LaunchBox registra esta desarrolladora para su ficha de PS4.",No propagar a ports o compilaciones sin comprobar sus créditos propios.,,CUSA16473_00,,HIGH_REPLACEMENT_BLOCKED
ps4-battlefield-hardline,Battlefield Hardline,PAL España,standard,battlefield hardline,battlefield hardline,GAME_OR_UNKNOWN,PHYSICAL_PUBLISHER_OR_DISTRIBUTOR,publisher,Ea,ea,EA,EXACT_NAME_OR_ALIAS,Electronic Arts,REPLACE_OR_ADD_REVIEW,HIGH,NO,EXACT_PHYSICAL_EDITION,1,PRICECHARTING_EXACT_PAL_PAGE,B_EXACT_PHYSICAL,https://www.pricecharting.com/game/pal-playstation-4/battlefield-hardline,La ficha exacta de la edición física PAL etiqueta a esta compañía como Publisher; puede representar publicación o distribución física.,Confirmar si la etiqueta Publisher representa publicación o distribución en la caja PAL.,,CUSA00633_00,CUSA00633_00,HIGH_REPLACEMENT_BLOCKED
ps4-big-pharma-special-edition,Big Pharma [Special Edition],PAL España,standard,big pharma,big pharma,EDITION_VARIANT,DEVELOPER,developer,Twice Circled,twice-circled,Twice Circled,EXACT_NAME_OR_ALIAS,"Twice Circled, Klabater",REPLACE_OR_ADD_REVIEW,HIGH,NO,EXACT_PHYSICAL_EDITION | GAME_WORK | GAME_WORK_OR_PS4_RELEASE,5,PRICECHARTING_EXACT_PAL_PAGE | REGIONATLAS_LEGACY_PRICECHARTING_CREDIT | STEAM_STORE | WIKIDATA | WIKIPEDIA_PS4_LIST,B_EXACT_PHYSICAL | B_LEGACY_EXACT_PHYSICAL | B_OTHER_PLATFORM | B_PS4_RELEASE | C_DISCOVERY,https://www.pricecharting.com/game/pal-playstation-4/big-pharma-special-edition | https://en.wikipedia.org/wiki/List_of_PlayStation_4_games_(A%E2%80%93L) | https://store.steampowered.com/app/344850 | https://www.wikidata.org/wiki/Q20313306,"La ficha enlazada de la edición física PAL atribuye el desarrollo a esta compañía. | El crédito actual procede de la importación histórica de la ficha física enlazada; se contrasta con la consulta en vivo. | La lista específica de PS4 atribuye el desarrollo a esta compañía. | La ficha comercial de Steam confirma la desarrolladora de la obra, no necesariamente el port de PS4. | Wikidata registra la compañía como desarrolladora.",No propagar a ports o compilaciones sin comprobar sus créditos propios.,,CUSA17324_00,CUSA17324_00,HIGH_REPLACEMENT_BLOCKED
ps4-call-of-duty-advanced-warfare,Call of Duty Advanced Warfare,PAL España,standard,call of duty advanced warfare,call of duty advanced warfare,GAME_OR_UNKNOWN,DEVELOPER,developer,Sledgehammer Games,sledgehammer-games,Sledgehammer Games,EXACT_NAME_OR_ALIAS,High Moon,REPLACE_OR_ADD_REVIEW,HIGH,NO,EXACT_PHYSICAL_EDITION | GAME_WORK | GAME_WORK_OR_PS4_RELEASE,3,PRICECHARTING_EXACT_PAL_PAGE | WIKIDATA | WIKIPEDIA_PS4_LIST,B_EXACT_PHYSICAL | B_PS4_RELEASE | C_DISCOVERY,https://www.pricecharting.com/game/pal-playstation-4/call-of-duty-advanced-warfare | https://en.wikipedia.org/wiki/List_of_PlayStation_4_games_(A%E2%80%93L) | https://www.wikidata.org/wiki/Q16743064,La ficha enlazada de la edición física PAL atribuye el desarrollo a esta compañía. | La lista específica de PS4 atribuye el desarrollo a esta compañía. | Wikidata registra la compañía como desarrolladora.,No propagar a ports o compilaciones sin comprobar sus créditos propios.,,CUSA00851_00,CUSA00851_00,HIGH_REPLACEMENT_BLOCKED
ps4-call-of-duty-black-ops-4,Call Of Duty Black Ops 4,PAL España,standard,call of duty black ops 4,call of duty black ops 4,GAME_OR_UNKNOWN,DEVELOPER,developer,Treyarch Corporation,treyarch,Treyarch,EXACT_NAME_OR_ALIAS,"Treyarch, Beenox",REPLACE_OR_ADD_REVIEW,HIGH,NO,EXACT_PHYSICAL_EDITION | GAME_WORK | GAME_WORK_OR_PS4_RELEASE,3,REGIONATLAS_LEGACY_PRICECHARTING_CREDIT | WIKIDATA | WIKIPEDIA_PS4_LIST,B_LEGACY_EXACT_PHYSICAL | B_PS4_RELEASE | C_DISCOVERY,https://www.pricecharting.com/game/pal-playstation-4/call-of-duty-black-ops-4 | https://en.wikipedia.org/wiki/List_of_PlayStation_4_games_(A%E2%80%93L) | https://www.wikidata.org/wiki/Q50376633,El crédito actual procede de la importación histórica de la ficha física enlazada; se contrasta con la consulta en vivo. | La lista específica de PS4 atribuye el desarrollo a esta compañía. | Wikidata registra la compañía como desarrolladora.,No propagar a ports o compilaciones sin comprobar sus créditos propios.,,CUSA11100_00,,HIGH_REPLACEMENT_BLOCKED
ps4-call-of-duty-black-ops-iii,Call of Duty Black Ops III,PAL España,standard,call of duty black ops iii,call of duty black ops iii,GAME_OR_UNKNOWN,DEVELOPER,developer,Treyarch Corporation,treyarch,Treyarch,EXACT_NAME_OR_ALIAS,Beenox,REPLACE_OR_ADD_REVIEW,HIGH,NO,GAME_WORK | GAME_WORK_OR_PS4_RELEASE | PS4_RELEASE,4,LAUNCHBOX_GAMES_DB | STEAM_STORE | WIKIDATA | WIKIPEDIA_PS4_LIST,B_OTHER_PLATFORM | B_PS4_RELEASE | C_DISCOVERY,https://en.wikipedia.org/wiki/List_of_PlayStation_4_games_(A%E2%80%93L) | https://store.steampowered.com/app/388520 | https://www.wikidata.org/wiki/Q19789342 | https://gamesdb.launchbox-app.com/games/details/29237,"La lista específica de PS4 atribuye el desarrollo a esta compañía. | La ficha comercial de Steam confirma la desarrolladora de la obra, no necesariamente el port de PS4. | Wikidata registra la compañía como desarrolladora. | LaunchBox registra esta desarrolladora para su ficha de PS4.",No propagar a ports o compilaciones sin comprobar sus créditos propios.,,,,HIGH_REPLACEMENT_BLOCKED
ps4-call-of-duty-modern-warfare-remastered,Call of Duty: Modern Warfare Remastered,PAL España,standard,call of duty modern warfare remastered,call of duty modern warfare,EDITION_VARIANT,PHYSICAL_PUBLISHER_OR_DISTRIBUTOR,publisher,Activision,activision,Activision,EXACT_NAME_OR_ALIAS,Sony Interactive Entertainment,REPLACE_OR_ADD_REVIEW,HIGH,NO,EXACT_PHYSICAL_EDITION | PAL_RELEASE,2,PRICECHARTING_EXACT_PAL_PAGE | WIKIPEDIA_PS4_LIST_PAL,B_EXACT_PHYSICAL | B_PAL_RELEASE,https://www.pricecharting.com/game/pal-playstation-4/call-of-duty-modern-warfare-remastered | https://en.wikipedia.org/wiki/List_of_PlayStation_4_games_(A%E2%80%93L),La ficha exacta de la edición física PAL etiqueta a esta compañía como Publisher; puede representar publicación o distribución física. | La columna PAL de la lista de PS4 atribuye la publicación a esta compañía.,Confirmar si la etiqueta Publisher representa publicación o distribución en la caja PAL.,,CUSA03522_00,,HIGH_REPLACEMENT_BLOCKED
ps4-call-of-duty-wwii,Call of Duty WWII,PAL España,standard,call of duty wwii,call of duty wwii,GAME_OR_UNKNOWN,PHYSICAL_PUBLISHER_OR_DISTRIBUTOR,publisher,Activision,activision,Activision,EXACT_NAME_OR_ALIAS,Sony Interactive Entertainment,REPLACE_OR_ADD_REVIEW,HIGH,NO,EXACT_PHYSICAL_EDITION | PAL_RELEASE,2,PRICECHARTING_EXACT_PAL_PAGE | WIKIPEDIA_PS4_LIST_PAL,B_EXACT_PHYSICAL | B_PAL_RELEASE,https://www.pricecharting.com/game/pal-playstation-4/call-of-duty-wwii | https://en.wikipedia.org/wiki/List_of_PlayStation_4_games_(A%E2%80%93L),La ficha exacta de la edición física PAL etiqueta a esta compañía como Publisher; puede representar publicación o distribución física. | La columna PAL de la lista de PS4 atribuye la publicación a esta compañía.,Confirmar si la etiqueta Publisher representa publicación o distribución en la caja PAL.,,CUSA08630_00,CUSA08630_00,HIGH_REPLACEMENT_BLOCKED
ps4-child-of-light-deluxe-edition,Child Of Light [Deluxe Edition],PAL España,standard,child of light,child of light,EDITION_VARIANT,DEVELOPER,developer,Ubisoft Montreal,ubisoft-montreal,Ubisoft Montreal | Ubisoft Montréal,EXACT_NAME_OR_ALIAS,Ubisoft,REPLACE_OR_ADD_REVIEW,HIGH,NO,GAME_WORK | GAME_WORK_OR_PS4_RELEASE | PS4_RELEASE,3,LAUNCHBOX_GAMES_DB | STEAM_STORE | WIKIPEDIA_PS4_LIST,B_OTHER_PLATFORM | B_PS4_RELEASE | C_DISCOVERY,https://en.wikipedia.org/wiki/List_of_PlayStation_4_games_(A%E2%80%93L) | https://store.steampowered.com/app/256290 | https://gamesdb.launchbox-app.com/games/details/20127,"La lista específica de PS4 atribuye el desarrollo a esta compañía. | La ficha comercial de Steam confirma la desarrolladora de la obra, no necesariamente el port de PS4. | LaunchBox registra esta desarrolladora para su ficha de PS4.",No propagar a ports o compilaciones sin comprobar sus créditos propios.,,,,HIGH_REPLACEMENT_BLOCKED
ps4-coffee-talk,Coffee Talk,PAL España,standard,coffee talk,coffee talk,GAME_OR_UNKNOWN,DEVELOPER,developer,Toge Productions,toge-productions,Toge Productions,EXACT_NAME_OR_ALIAS,"Toge Productions, Chorus Worldwide",REPLACE_OR_ADD_REVIEW,HIGH,NO,EXACT_PHYSICAL_EDITION | GAME_WORK | GAME_WORK_OR_PS4_RELEASE | PS4_RELEASE,6,LAUNCHBOX_GAMES_DB | PRICECHARTING_EXACT_PAL_PAGE | REGIONATLAS_LEGACY_PRICECHARTING_CREDIT | STEAM_STORE | WIKIDATA | WIKIPEDIA_PS4_LIST,B_EXACT_PHYSICAL | B_LEGACY_EXACT_PHYSICAL | B_OTHER_PLATFORM | B_PS4_RELEASE | C_DISCOVERY,https://www.pricecharting.com/game/pal-playstation-4/coffee-talk | https://en.wikipedia.org/wiki/List_of_PlayStation_4_games_(A%E2%80%93L) | https://store.steampowered.com/app/914800 | https://www.wikidata.org/wiki/Q85753234 | https://gamesdb.launchbox-app.com/games/details/473008,"La ficha enlazada de la edición física PAL atribuye el desarrollo a esta compañía. | El crédito actual procede de la importación histórica de la ficha física enlazada; se contrasta con la consulta en vivo. | La lista específica de PS4 atribuye el desarrollo a esta compañía. | La ficha comercial de Steam confirma la desarrolladora de la obra, no necesariamente el port de PS4. | Wikidata registra la compañía como desarrolladora. | LaunchBox registra esta desarrolladora para su ficha de PS4.",No propagar a ports o compilaciones sin comprobar sus créditos propios.,CUSA_STRONG_TITLE_REVIEW,CUSA18112_00,CUSA18112_00,IDENTIFIER_BLOCKED
ps4-constructor-plus,Constructor Plus,PAL España,standard,constructor plus,constructor plus,GAME_OR_UNKNOWN,DEVELOPER,developer,System 3,system-3,System 3,EXACT_NAME_OR_ALIAS,System 3 Software Ltd,REPLACE_OR_ADD_REVIEW,HIGH,NO,GAME_WORK | GAME_WORK_OR_PS4_RELEASE,3,STEAM_STORE | WIKIDATA | WIKIPEDIA_PS4_LIST,B_OTHER_PLATFORM | B_PS4_RELEASE | C_DISCOVERY,https://en.wikipedia.org/wiki/List_of_PlayStation_4_games_(A%E2%80%93L) | https://store.steampowered.com/app/898800 | https://www.wikidata.org/wiki/Q123456039,"La lista específica de PS4 atribuye el desarrollo a esta compañía. | La ficha comercial de Steam confirma la desarrolladora de la obra, no necesariamente el port de PS4. | Wikidata registra la compañía como desarrolladora.",No propagar a ports o compilaciones sin comprobar sus créditos propios.,,CUSA14620_00,,HIGH_REPLACEMENT_BLOCKED
ps4-dakar-18,Dakar 18,PAL España,standard,dakar 18,dakar 18,GAME_OR_UNKNOWN,DEVELOPER,developer,Bigmoon Entertainment,bigmoon-entertainment,Bigmoon Entertainment | BIGMOON ENTERTAINMENT,EXACT_NAME_OR_ALIAS,Bigmoon,REPLACE_OR_ADD_REVIEW,HIGH,NO,GAME_WORK | GAME_WORK_OR_PS4_RELEASE | MATCHED_PS4_PRODUCT | PS4_RELEASE,4,LAUNCHBOX_GAMES_DB | PLAYSTATION_STORE_EXPLICIT_CREDIT | STEAM_STORE | WIKIPEDIA_PS4_LIST,A_OFFICIAL_MATCHED_TITLE_CREDIT | B_OTHER_PLATFORM | B_PS4_RELEASE | C_DISCOVERY,https://store.playstation.com/es-es/product/EP4062-CUSA11741_00-BGMNDAKAR18000EU | https://en.wikipedia.org/wiki/List_of_PlayStation_4_games_(A%E2%80%93L) | https://store.steampowered.com/app/767390 | https://gamesdb.launchbox-app.com/games/details/207517,"Developed by Bigmoon Entertainment, under license of Amaury Sport Organisation | La lista específica de PS4 atribuye el desarrollo a esta compañía. | La ficha comercial de Steam confirma la desarrolladora de la obra, no necesariamente el port de PS4. | LaunchBox registra esta desarrolladora para su ficha de PS4.",No propagar a ports o compilaciones sin comprobar sus créditos propios.,,CUSA11558_00,,HIGH_REPLACEMENT_BLOCKED
ps4-deponia-doomsday,Deponia Doomsday,PAL España,standard,deponia doomsday,deponia doomsday,GAME_OR_UNKNOWN,DEVELOPER,developer,Daedalic Entertainment,daedalic-entertainment,Daedalic Entertainment,EXACT_NAME_OR_ALIAS,Daedalic,REPLACE_OR_ADD_REVIEW,HIGH,NO,GAME_WORK | GAME_WORK_OR_PS4_RELEASE,2,STEAM_STORE | WIKIPEDIA_PS4_LIST,B_OTHER_PLATFORM | B_PS4_RELEASE,https://en.wikipedia.org/wiki/List_of_PlayStation_4_games_(A%E2%80%93L) | https://store.steampowered.com/app/421050,"La lista específica de PS4 atribuye el desarrollo a esta compañía. | La ficha comercial de Steam confirma la desarrolladora de la obra, no necesariamente el port de PS4.",No propagar a ports o compilaciones sin comprobar sus créditos propios.,,CUSA13842_00,,HIGH_REPLACEMENT_BLOCKED
ps4-doom,Doom,PAL España,standard,doom,doom,GAME_OR_UNKNOWN,DEVELOPER,developer,Id Software,id-software,id Software,EXACT_NAME_OR_ALIAS,MachineGames,REPLACE_OR_ADD_REVIEW,HIGH,NO,GAME_WORK | GAME_WORK_OR_PS4_RELEASE | MATCHED_PS4_PRODUCT | PS4_RELEASE,5,LAUNCHBOX_GAMES_DB | PLAYSTATION_STORE_EXPLICIT_CREDIT | STEAM_STORE | WIKIDATA | WIKIPEDIA_PS4_LIST,A_OFFICIAL_MATCHED_TITLE_CREDIT | B_OTHER_PLATFORM | B_PS4_RELEASE | C_DISCOVERY,https://store.playstation.com/es-es/product/EP1003-CUSA02092_00-DOOMEUROPEROWSKU | https://en.wikipedia.org/wiki/List_of_PlayStation_4_games_(A%E2%80%93L) | https://store.steampowered.com/app/379720 | https://www.wikidata.org/wiki/Q189784 | https://gamesdb.launchbox-app.com/games/details/35284,"desarrollado por id Software | La lista específica de PS4 atribuye el desarrollo a esta compañía. | La ficha comercial de Steam confirma la desarrolladora de la obra, no necesariamente el port de PS4. | Wikidata registra la compañía como desarrolladora. | LaunchBox registra esta desarrolladora para su ficha de PS4.",No propagar a ports o compilaciones sin comprobar sus créditos propios.,,CUSA42287_00,,HIGH_REPLACEMENT_BLOCKED
ps4-doom-eternal,Doom Eternal,PAL España,standard,doom eternal,doom eternal,GAME_OR_UNKNOWN,PHYSICAL_PUBLISHER_OR_DISTRIBUTOR,publisher,ZeniMax Media Inc.,zenimax-media-inc,ZeniMax Media Inc.,EXACT_NAME_OR_ALIAS,Bethesda Softworks,REPLACE_OR_ADD_REVIEW,HIGH,NO,EXACT_PHYSICAL_EDITION,1,PRICECHARTING_EXACT_PAL_PAGE,B_EXACT_PHYSICAL,https://www.pricecharting.com/game/pal-playstation-4/doom-eternal,La ficha exacta de la edición física PAL etiqueta a esta compañía como Publisher; puede representar publicación o distribución física.,Confirmar si la etiqueta Publisher representa publicación o distribución en la caja PAL.,,CUSA17933_00,CUSA17933_00,HIGH_REPLACEMENT_BLOCKED
ps4-efootball-pes-2021-season-update,eFootball PES 2021 Season Update,PAL España,standard,efootball pes 2021 season update,efootball pes 2021 season update,GAME_OR_UNKNOWN,PHYSICAL_PUBLISHER_OR_DISTRIBUTOR,publisher,Konami,konami,Konami,EXACT_NAME_OR_ALIAS,Konami Digital Entertainment,REPLACE_OR_ADD_REVIEW,HIGH,NO,EXACT_PHYSICAL_EDITION | PAL_RELEASE,2,PRICECHARTING_EXACT_PAL_PAGE | WIKIPEDIA_PS4_LIST_PAL,B_EXACT_PHYSICAL | B_PAL_RELEASE,https://www.pricecharting.com/game/pal-playstation-4/efootball-pes-2021-season-update | https://en.wikipedia.org/wiki/List_of_PlayStation_4_games_(A%E2%80%93L),La ficha exacta de la edición física PAL etiqueta a esta compañía como Publisher; puede representar publicación o distribución física. | La columna PAL de la lista de PS4 atribuye la publicación a esta compañía.,Confirmar si la etiqueta Publisher representa publicación o distribución en la caja PAL.,,CUSA18648_00,,HIGH_REPLACEMENT_BLOCKED
ps4-ever-forward,Ever Forward,PAL España,standard,ever forward,ever forward,GAME_OR_UNKNOWN,PHYSICAL_PUBLISHER_OR_DISTRIBUTOR,publisher,PM Studios,pm-studios,PM Studios,EXACT_NAME_OR_ALIAS,"Numskull Games Ltd., PM Studios",REPLACE_OR_ADD_REVIEW,HIGH,NO,EXACT_PHYSICAL_EDITION | PAL_RELEASE,3,PRICECHARTING_EXACT_PAL_PAGE | REGIONATLAS_LEGACY_PRICECHARTING_CREDIT | WIKIPEDIA_PS4_LIST_PAL,B_EXACT_PHYSICAL | B_LEGACY_EXACT_PHYSICAL | B_PAL_RELEASE,https://www.pricecharting.com/game/pal-playstation-4/ever-forward | https://en.wikipedia.org/wiki/List_of_PlayStation_4_games_(A%E2%80%93L),La ficha exacta de la edición física PAL etiqueta a esta compañía como Publisher; puede representar publicación o distribución física. | El crédito actual procede de la importación histórica de la ficha física enlazada; se contrasta con la consulta en vivo. | La columna PAL de la lista de PS4 atribuye la publicación a esta compañía.,Confirmar si la etiqueta Publisher representa publicación o distribución en la caja PAL.,,CUSA26435_00,,HIGH_REPLACEMENT_BLOCKED
ps4-f1-2019,F1 2019,PAL España,standard,f1 2019,f1 2019,GAME_OR_UNKNOWN,DEVELOPER,developer,Codemasters,codemasters,Codemasters,EXACT_NAME_OR_ALIAS,Codemasters Birmingham,REPLACE_OR_ADD_REVIEW,HIGH,NO,EXACT_PHYSICAL_EDITION | GAME_WORK | GAME_WORK_OR_PS4_RELEASE | PS4_RELEASE,4,LAUNCHBOX_GAMES_DB | PRICECHARTING_EXACT_PAL_PAGE | WIKIDATA | WIKIPEDIA_PS4_LIST,B_EXACT_PHYSICAL | B_PS4_RELEASE | C_DISCOVERY,https://www.pricecharting.com/game/pal-playstation-4/f1-2019 | https://en.wikipedia.org/wiki/List_of_PlayStation_4_games_(A%E2%80%93L) | https://www.wikidata.org/wiki/Q63113436 | https://gamesdb.launchbox-app.com/games/details/208804,La ficha enlazada de la edición física PAL atribuye el desarrollo a esta compañía. | La lista específica de PS4 atribuye el desarrollo a esta compañía. | Wikidata registra la compañía como desarrolladora. | LaunchBox registra esta desarrolladora para su ficha de PS4.,No propagar a ports o compilaciones sin comprobar sus créditos propios.,,CUSA14382_00,,HIGH_REPLACEMENT_BLOCKED
ps4-f1-2020,F1 2020,PAL España,standard,f1 2020,f1 2020,GAME_OR_UNKNOWN,DEVELOPER,developer,Codemasters,codemasters,Codemasters,EXACT_NAME_OR_ALIAS,Codemasters Birmingham,REPLACE_OR_ADD_REVIEW,HIGH,NO,EXACT_PHYSICAL_EDITION | GAME_WORK | GAME_WORK_OR_PS4_RELEASE | PS4_RELEASE,4,LAUNCHBOX_GAMES_DB | PRICECHARTING_EXACT_PAL_PAGE | WIKIDATA | WIKIPEDIA_PS4_LIST,B_EXACT_PHYSICAL | B_PS4_RELEASE | C_DISCOVERY,https://www.pricecharting.com/game/pal-playstation-4/f1-2020 | https://en.wikipedia.org/wiki/List_of_PlayStation_4_games_(A%E2%80%93L) | https://www.wikidata.org/wiki/Q91441450 | https://gamesdb.launchbox-app.com/games/details/208803,La ficha enlazada de la edición física PAL atribuye el desarrollo a esta compañía. | La lista específica de PS4 atribuye el desarrollo a esta compañía. | Wikidata registra la compañía como desarrolladora. | LaunchBox registra esta desarrolladora para su ficha de PS4.,No propagar a ports o compilaciones sin comprobar sus créditos propios.,,CUSA16283_00,CUSA16283_00,HIGH_REPLACEMENT_BLOCKED
ps4-f1-22,F1 22,PAL España,standard,f1 22,f1 22,GAME_OR_UNKNOWN,DEVELOPER,developer,Codemasters,codemasters,Codemasters,EXACT_NAME_OR_ALIAS,Codemasters Birmingham,REPLACE_OR_ADD_REVIEW,HIGH,NO,GAME_WORK | GAME_WORK_OR_PS4_RELEASE | PS4_RELEASE,4,LAUNCHBOX_GAMES_DB | STEAM_STORE | WIKIDATA | WIKIPEDIA_PS4_LIST,B_OTHER_PLATFORM | B_PS4_RELEASE | C_DISCOVERY,https://en.wikipedia.org/wiki/List_of_PlayStation_4_games_(A%E2%80%93L) | https://store.steampowered.com/app/1692250 | https://www.wikidata.org/wiki/Q111676993 | https://gamesdb.launchbox-app.com/games/details/473160,"La lista específica de PS4 atribuye el desarrollo a esta compañía. | La ficha comercial de Steam confirma la desarrolladora de la obra, no necesariamente el port de PS4. | Wikidata registra la compañía como desarrolladora. | LaunchBox registra esta desarrolladora para su ficha de PS4.",No propagar a ports o compilaciones sin comprobar sus créditos propios.,,CUSA29431_00,,HIGH_REPLACEMENT_BLOCKED
ps4-fifa-21,FIFA 21,PAL España,standard,fifa 21,fifa 21,GAME_OR_UNKNOWN,PHYSICAL_PUBLISHER_OR_DISTRIBUTOR,publisher,Electronic Arts,electronic-arts,Electronic Arts,EXACT_NAME_OR_ALIAS,EA Sports,REPLACE_OR_ADD_REVIEW,HIGH,NO,EXACT_PHYSICAL_EDITION | PAL_RELEASE,2,PRICECHARTING_EXACT_PAL_PAGE | WIKIPEDIA_PS4_LIST_PAL,B_EXACT_PHYSICAL | B_PAL_RELEASE,https://www.pricecharting.com/game/pal-playstation-4/fifa-21 | https://en.wikipedia.org/wiki/List_of_PlayStation_4_games_(A%E2%80%93L),La ficha exacta de la edición física PAL etiqueta a esta compañía como Publisher; puede representar publicación o distribución física. | La columna PAL de la lista de PS4 atribuye la publicación a esta compañía.,Confirmar si la etiqueta Publisher representa publicación o distribución en la caja PAL.,,CUSA18969_00,,HIGH_REPLACEMENT_BLOCKED
ps4-five-nights-at-freddy%27s-into-the-pit,Five Nights At Freddy's: Into The Pit,PAL España,standard,five nights at freddy s into the pit,five nights at freddy s into the pit,GAME_OR_UNKNOWN,DEVELOPER,developer,Mega Cat Studios,mega-cat-studios,Mega Cat Studios,EXACT_NAME_OR_ALIAS,"Mega Cat Studios, ScottGames",REPLACE_OR_ADD_REVIEW,HIGH,NO,EXACT_PHYSICAL_EDITION | GAME_WORK | GAME_WORK_OR_PS4_RELEASE | PS4_RELEASE,5,LAUNCHBOX_GAMES_DB | REGIONATLAS_LEGACY_PRICECHARTING_CREDIT | STEAM_STORE | WIKIDATA | WIKIPEDIA_PS4_LIST,B_LEGACY_EXACT_PHYSICAL | B_OTHER_PLATFORM | B_PS4_RELEASE | C_DISCOVERY,https://www.pricecharting.com/game/pal-playstation-4/five-nights-at-freddy%27s-into-the-pit | https://en.wikipedia.org/wiki/List_of_PlayStation_4_games_(A%E2%80%93L) | https://store.steampowered.com/app/2638370 | https://www.wikidata.org/wiki/Q124357509 | https://gamesdb.launchbox-app.com/games/details/475712,"El crédito actual procede de la importación histórica de la ficha física enlazada; se contrasta con la consulta en vivo. | La lista específica de PS4 atribuye el desarrollo a esta compañía. | La ficha comercial de Steam confirma la desarrolladora de la obra, no necesariamente el port de PS4. | Wikidata registra la compañía como desarrolladora. | LaunchBox registra esta desarrolladora para su ficha de PS4.",No propagar a ports o compilaciones sin comprobar sus créditos propios.,,CUSA45094_00,,HIGH_REPLACEMENT_BLOCKED
ps4-ghost-of-tsushima,Ghost of Tsushima,PAL España,standard,ghost of tsushima,ghost of tsushima,GAME_OR_UNKNOWN,DEVELOPER,developer,Sucker Punch Productions,sucker-punch-productions,Sucker Punch Productions LLC | Sucker Punch Productions,EXACT_NAME_OR_ALIAS,"Sucker Punch Productions, L.L.C.",REPLACE_OR_ADD_REVIEW,HIGH,NO,GAME_WORK_OR_PS4_RELEASE | MATCHED_PS4_PRODUCT | PS4_RELEASE,3,LAUNCHBOX_GAMES_DB | PLAYSTATION_STORE_EXPLICIT_CREDIT | WIKIPEDIA_PS4_LIST,A_OFFICIAL_MATCHED_TITLE_CREDIT | B_PS4_RELEASE | C_DISCOVERY,https://store.playstation.com/es-es/product/EP9000-CUSA13323_00-GHOSTSHIP0000000 | https://en.wikipedia.org/wiki/List_of_PlayStation_4_games_(A%E2%80%93L) | https://gamesdb.launchbox-app.com/games/details/184978,Desarrollado por Sucker Punch Productions LLC | La lista específica de PS4 atribuye el desarrollo a esta compañía. | LaunchBox registra esta desarrolladora para su ficha de PS4.,No propagar a ports o compilaciones sin comprobar sus créditos propios.,,CUSA11456_00,,HIGH_REPLACEMENT_BLOCKED
ps4-god-of-war,God Of War,PAL España,standard,god of war,god of war,GAME_OR_UNKNOWN,DEVELOPER,developer,Santa Monica Studio,santa-monica-studio,Santa Monica Studio,EXACT_NAME_OR_ALIAS,Sony Santa Monica Studio,REPLACE_OR_ADD_REVIEW,HIGH,NO,EXACT_PHYSICAL_EDITION | GAME_WORK | GAME_WORK_OR_PS4_RELEASE,4,PRICECHARTING_EXACT_PAL_PAGE | STEAM_STORE | WIKIDATA | WIKIPEDIA_PS4_LIST,B_EXACT_PHYSICAL | B_OTHER_PLATFORM | B_PS4_RELEASE | C_DISCOVERY,https://www.pricecharting.com/game/pal-playstation-4/god-of-war | https://en.wikipedia.org/wiki/List_of_PlayStation_4_games_(A%E2%80%93L) | https://store.steampowered.com/app/1593500 | https://www.wikidata.org/wiki/Q817369,"La ficha enlazada de la edición física PAL atribuye el desarrollo a esta compañía. | La lista específica de PS4 atribuye el desarrollo a esta compañía. | La ficha comercial de Steam confirma la desarrolladora de la obra, no necesariamente el port de PS4. | Wikidata registra la compañía como desarrolladora.",No propagar a ports o compilaciones sin comprobar sus créditos propios.,,CUSA07410_00,CUSA07410_00,HIGH_REPLACEMENT_BLOCKED
ps4-goodbye-deponia,Goodbye Deponia,PAL España,standard,goodbye deponia,goodbye deponia,GAME_OR_UNKNOWN,DEVELOPER,developer,Daedalic Entertainment,daedalic-entertainment,Daedalic Entertainment,EXACT_NAME_OR_ALIAS,Daedalic,REPLACE_OR_ADD_REVIEW,HIGH,NO,GAME_WORK | GAME_WORK_OR_PS4_RELEASE,3,STEAM_STORE | WIKIDATA | WIKIPEDIA_PS4_LIST,B_OTHER_PLATFORM | B_PS4_RELEASE | C_DISCOVERY,https://en.wikipedia.org/wiki/List_of_PlayStation_4_games_(A%E2%80%93L) | https://store.steampowered.com/app/241910 | https://www.wikidata.org/wiki/Q15743989,"La lista específica de PS4 atribuye el desarrollo a esta compañía. | La ficha comercial de Steam confirma la desarrolladora de la obra, no necesariamente el port de PS4. | Wikidata registra la compañía como desarrolladora.",No propagar a ports o compilaciones sin comprobar sus créditos propios.,,CUSA13788_00,,HIGH_REPLACEMENT_BLOCKED
ps4-gran-turismo-7,Gran Turismo 7,PAL España,standard,gran turismo 7,gran turismo 7,GAME_OR_UNKNOWN,PHYSICAL_PUBLISHER_OR_DISTRIBUTOR,publisher,Sony Interactive Entertainment,sony-interactive-entertainment,Sony Interactive Entertainment,EXACT_NAME_OR_ALIAS,PlayStation Studios,REPLACE_OR_ADD_REVIEW,HIGH,NO,EXACT_PHYSICAL_EDITION | PAL_RELEASE,2,PRICECHARTING_EXACT_PAL_PAGE | WIKIPEDIA_PS4_LIST_PAL,B_EXACT_PHYSICAL | B_PAL_RELEASE,https://www.pricecharting.com/game/pal-playstation-4/gran-turismo-7 | https://en.wikipedia.org/wiki/List_of_PlayStation_4_games_(A%E2%80%93L),La ficha exacta de la edición física PAL etiqueta a esta compañía como Publisher; puede representar publicación o distribución física. | La columna PAL de la lista de PS4 atribuye la publicación a esta compañía.,Confirmar si la etiqueta Publisher representa publicación o distribución en la caja PAL.,,CUSA24767_00,CUSA24767_00,HIGH_REPLACEMENT_BLOCKED
ps4-gravity-rush-remastered,Gravity Rush Remastered,PAL España,standard,gravity rush remastered,gravity rush,EDITION_VARIANT,DEVELOPER,developer,JAPAN Studio,japan-studio,Japan Studio,EXACT_NAME_OR_ALIAS,SCE Japan Studio,REPLACE_OR_ADD_REVIEW,HIGH,NO,EXACT_PHYSICAL_EDITION | GAME_WORK_OR_PS4_RELEASE,2,PRICECHARTING_EXACT_PAL_PAGE | WIKIPEDIA_PS4_LIST,B_EXACT_PHYSICAL | B_PS4_RELEASE,https://www.pricecharting.com/game/pal-playstation-4/gravity-rush-remastered | https://en.wikipedia.org/wiki/List_of_PlayStation_4_games_(A%E2%80%93L),La ficha enlazada de la edición física PAL atribuye el desarrollo a esta compañía. | La lista específica de PS4 atribuye el desarrollo a esta compañía.,No propagar a ports o compilaciones sin comprobar sus créditos propios.,,CUSA02318_00,CUSA02318_00,HIGH_REPLACEMENT_BLOCKED
ps4-hack-gu-last-recode,.hack GU Last Recode,PAL España,standard,hack gu last recode,hack gu last recode,GAME_OR_UNKNOWN,PHYSICAL_PUBLISHER_OR_DISTRIBUTOR,publisher,Bandai Namco Entertainment Europe S.A.S.,bandai-namco-entertainment-europe-s-a-s,Bandai Namco Entertainment Europe S.A.S.,EXACT_NAME_OR_ALIAS,Namco Bandai Games,REPLACE_OR_ADD_REVIEW,HIGH,NO,EXACT_PHYSICAL_EDITION,1,PRICECHARTING_EXACT_PAL_PAGE,B_EXACT_PHYSICAL,https://www.pricecharting.com/game/pal-playstation-4/hack-gu-last-recode,La ficha exacta de la edición física PAL etiqueta a esta compañía como Publisher; puede representar publicación o distribución física.,Confirmar si la etiqueta Publisher representa publicación o distribución en la caja PAL.,CUSA_STRONG_TITLE_REVIEW,CUSA07691_00,CUSA07691_00,IDENTIFIER_BLOCKED
ps4-infamous-first-light,Infamous First Light,PAL España,standard,infamous first light,infamous first light,GAME_OR_UNKNOWN,DEVELOPER,developer,Sucker Punch Productions,sucker-punch-productions,Sucker Punch Productions LLC | Sucker Punch Productions,EXACT_NAME_OR_ALIAS,Sucker Punch,REPLACE_OR_ADD_REVIEW,HIGH,NO,GAME_WORK_OR_PS4_RELEASE | MATCHED_PS4_PRODUCT,2,PLAYSTATION_STORE_EXPLICIT_CREDIT | WIKIPEDIA_PS4_LIST,A_OFFICIAL_MATCHED_TITLE_CREDIT | B_PS4_RELEASE,https://store.playstation.com/es-es/product/EP9000-CUSA00897_00-FIRSTLIGHTSHIP00 | https://en.wikipedia.org/wiki/List_of_PlayStation_4_games_(A%E2%80%93L),"Developed by Sucker Punch Productions, LLC | Developed by Sucker Punch Productions LLC | La lista específica de PS4 atribuye el desarrollo a esta compañía.",No propagar a ports o compilaciones sin comprobar sus créditos propios.,,CUSA00575_00,,HIGH_REPLACEMENT_BLOCKED
ps4-kholat,Kholat,PAL España,standard,kholat,kholat,GAME_OR_UNKNOWN,DEVELOPER,developer,IMGN.Pro,imgn-pro,Imgn Pro | IMGN.PRO,EXACT_NAME_OR_ALIAS,1MGN.PRO,REPLACE_OR_ADD_REVIEW,HIGH,NO,GAME_WORK | GAME_WORK_OR_PS4_RELEASE,2,STEAM_STORE | WIKIPEDIA_PS4_LIST,B_OTHER_PLATFORM | B_PS4_RELEASE,https://en.wikipedia.org/wiki/List_of_PlayStation_4_games_(A%E2%80%93L) | https://store.steampowered.com/app/343710,"La lista específica de PS4 atribuye el desarrollo a esta compañía. | La ficha comercial de Steam confirma la desarrolladora de la obra, no necesariamente el port de PS4.",No propagar a ports o compilaciones sin comprobar sus créditos propios.,,CUSA04252_00,,HIGH_REPLACEMENT_BLOCKED
ps4-killing-floor-2,Killing Floor 2,PAL España,standard,killing floor 2,killing floor 2,GAME_OR_UNKNOWN,DEVELOPER,developer,Tripwire Interactive,tripwire-interactive,Tripwire Interactive,EXACT_NAME_OR_ALIAS,"Tripwire Interactive, Saber Interactive, Hardsuit Labs, Inc",REPLACE_OR_ADD_REVIEW,HIGH,NO,EXACT_PHYSICAL_EDITION | GAME_WORK | GAME_WORK_OR_PS4_RELEASE | PS4_RELEASE,6,LAUNCHBOX_GAMES_DB | PRICECHARTING_EXACT_PAL_PAGE | REGIONATLAS_LEGACY_PRICECHARTING_CREDIT | STEAM_STORE | WIKIDATA | WIKIPEDIA_PS4_LIST,B_EXACT_PHYSICAL | B_LEGACY_EXACT_PHYSICAL | B_OTHER_PLATFORM | B_PS4_RELEASE | C_DISCOVERY,https://www.pricecharting.com/game/pal-playstation-4/killing-floor-2 | https://en.wikipedia.org/wiki/List_of_PlayStation_4_games_(A%E2%80%93L) | https://store.steampowered.com/app/232090 | https://www.wikidata.org/wiki/Q16989070 | https://gamesdb.launchbox-app.com/games/details/148139,"La ficha enlazada de la edición física PAL atribuye el desarrollo a esta compañía. | El crédito actual procede de la importación histórica de la ficha física enlazada; se contrasta con la consulta en vivo. | La lista específica de PS4 atribuye el desarrollo a esta compañía. | La ficha comercial de Steam confirma la desarrolladora de la obra, no necesariamente el port de PS4. | Wikidata registra la compañía como desarrolladora. | LaunchBox registra esta desarrolladora para su ficha de PS4.",No propagar a ports o compilaciones sin comprobar sus créditos propios.,,CUSA02134_00,,HIGH_REPLACEMENT_BLOCKED
ps4-knack,Knack,PAL España,standard,knack,knack,GAME_OR_UNKNOWN,DEVELOPER,developer,JAPAN Studio,japan-studio,Japan Studio,EXACT_NAME_OR_ALIAS,SCE Japan Studio,REPLACE_OR_ADD_REVIEW,HIGH,NO,EXACT_PHYSICAL_EDITION | GAME_WORK | GAME_WORK_OR_PS4_RELEASE,3,PRICECHARTING_EXACT_PAL_PAGE | WIKIDATA | WIKIPEDIA_PS4_LIST,B_EXACT_PHYSICAL | B_PS4_RELEASE | C_DISCOVERY,https://www.pricecharting.com/game/pal-playstation-4/knack | https://en.wikipedia.org/wiki/List_of_PlayStation_4_games_(A%E2%80%93L) | https://www.wikidata.org/wiki/Q5102494,La ficha enlazada de la edición física PAL atribuye el desarrollo a esta compañía. | La lista específica de PS4 atribuye el desarrollo a esta compañía. | Wikidata registra la compañía como desarrolladora.,No propagar a ports o compilaciones sin comprobar sus créditos propios.,,CUSA00202_00,CUSA00202_00,HIGH_REPLACEMENT_BLOCKED
ps4-kowloon-high-school-chronicle,Kowloon High-School Chronicle,PAL España,standard,kowloon high school chronicle,kowloon high school chronicle,GAME_OR_UNKNOWN,DEVELOPER,developer,ToyBox inc.,toybox-inc,Toybox | TOYBOX,EXACT_NAME_OR_ALIAS,"Shout! Design Works, Toybox",REPLACE_OR_ADD_REVIEW,HIGH,NO,EXACT_PHYSICAL_EDITION | GAME_WORK,3,PRICECHARTING_EXACT_PAL_PAGE | REGIONATLAS_LEGACY_PRICECHARTING_CREDIT | STEAM_STORE,B_EXACT_PHYSICAL | B_LEGACY_EXACT_PHYSICAL | B_OTHER_PLATFORM,https://www.pricecharting.com/game/pal-playstation-4/kowloon-high-school-chronicle | https://store.steampowered.com/app/1053390,"La ficha enlazada de la edición física PAL atribuye el desarrollo a esta compañía. | El crédito actual procede de la importación histórica de la ficha física enlazada; se contrasta con la consulta en vivo. | La ficha comercial de Steam confirma la desarrolladora de la obra, no necesariamente el port de PS4.",No propagar a ports o compilaciones sin comprobar sus créditos propios.,CUSA_STRONG_TITLE_REVIEW,CUSA27034_00,CUSA27034_00,IDENTIFIER_BLOCKED
ps4-lego-batman-3-beyond-gotham-blu-ray-&amp;-minifigure-edition,LEGO Batman 3: Beyond Gotham [Blu-Ray & Minifigure Edition],PAL España,standard,lego batman 3 beyond gotham,lego batman 3 beyond gotham,GAME_OR_UNKNOWN,DEVELOPER,developer,TT Games Ltd,tt-games,TT Games | TT Games Ltd,EXACT_NAME_OR_ALIAS,Traveller’s Tales,REPLACE_OR_ADD_REVIEW,HIGH,NO,GAME_WORK | GAME_WORK_OR_PS4_RELEASE,2,STEAM_STORE | WIKIPEDIA_PS4_LIST,B_OTHER_PLATFORM | B_PS4_RELEASE,https://en.wikipedia.org/wiki/List_of_PlayStation_4_games_(A%E2%80%93L) | https://store.steampowered.com/app/313690,"La lista específica de PS4 atribuye el desarrollo a esta compañía. | La ficha comercial de Steam confirma la desarrolladora de la obra, no necesariamente el port de PS4.",No propagar a ports o compilaciones sin comprobar sus créditos propios.,,,,HIGH_REPLACEMENT_BLOCKED
ps4-lego-ninjago-movie,LEGO Ninjago Movie,PAL España,standard,lego ninjago movie,lego ninjago movie,GAME_OR_UNKNOWN,PHYSICAL_PUBLISHER_OR_DISTRIBUTOR,publisher,Warner Bros. Interactive Entertainment,warner-bros-interactive-entertainment,Warner Bros Interactive Entertainment,EXACT_NAME_OR_ALIAS,WB Games,REPLACE_OR_ADD_REVIEW,HIGH,NO,EXACT_PHYSICAL_EDITION,1,PRICECHARTING_EXACT_PAL_PAGE,B_EXACT_PHYSICAL,https://www.pricecharting.com/game/pal-playstation-4/lego-ninjago-movie,La ficha exacta de la edición física PAL etiqueta a esta compañía como Publisher; puede representar publicación o distribución física.,Confirmar si la etiqueta Publisher representa publicación o distribución en la caja PAL.,CUSA_TITLE_CONFLICT,CUSA07744_00,CUSA07744_00,IDENTIFIER_BLOCKED
ps4-lego-star-wars-the-force-awakens-plush-edition,LEGO Star Wars: The Force Awakens [Plush Edition],PAL España,standard,lego star wars the force awakens,lego star wars the force awakens,GAME_OR_UNKNOWN,PHYSICAL_PUBLISHER_OR_DISTRIBUTOR,publisher,Warner Bros. Interactive Entertainment,warner-bros-interactive-entertainment,Warner Bros. Interactive Entertainment,EXACT_NAME_OR_ALIAS,WB Games,REPLACE_OR_ADD_REVIEW,HIGH,NO,EXACT_PHYSICAL_EDITION,1,PRICECHARTING_EXACT_PAL_PAGE,B_EXACT_PHYSICAL,https://www.pricecharting.com/game/pal-playstation-4/lego-star-wars-the-force-awakens-plush-edition,La ficha exacta de la edición física PAL etiqueta a esta compañía como Publisher; puede representar publicación o distribución física.,Confirmar si la etiqueta Publisher representa publicación o distribución en la caja PAL.,,CUSA03397_00,CUSA03397_00,HIGH_REPLACEMENT_BLOCKED
ps4-lego-star-wars-the-skywalker-saga-galactic-edition,Lego Star Wars The Skywalker Saga [Galactic Edition],PAL España,standard,lego star wars the skywalker saga,lego star wars the skywalker saga,GAME_OR_UNKNOWN,PHYSICAL_PUBLISHER_OR_DISTRIBUTOR,publisher,Warner Bros. Interactive Entertainment,warner-bros-interactive-entertainment,Warner Bros. Interactive Entertainment,EXACT_NAME_OR_ALIAS,WB Games,REPLACE_OR_ADD_REVIEW,HIGH,NO,EXACT_PHYSICAL_EDITION,1,PRICECHARTING_EXACT_PAL_PAGE,B_EXACT_PHYSICAL,https://www.pricecharting.com/game/pal-playstation-4/lego-star-wars-the-skywalker-saga-galactic-edition,La ficha exacta de la edición física PAL etiqueta a esta compañía como Publisher; puede representar publicación o distribución física.,Confirmar si la etiqueta Publisher representa publicación o distribución en la caja PAL.,,CUSA13793_00,CUSA13793_00,HIGH_REPLACEMENT_BLOCKED
ps4-leisure-suit-larry-wet-dreams-don%27t-dry,Leisure Suit Larry: Wet Dreams Don't Dry,PAL España,standard,leisure suit larry wet dreams don t dry,leisure suit larry wet dreams don t dry,GAME_OR_UNKNOWN,DEVELOPER,developer,CrazyBunch,crazybunch,CrazyBunch,EXACT_NAME_OR_ALIAS,Assemble,REPLACE_OR_ADD_REVIEW,HIGH,NO,GAME_WORK | GAME_WORK_OR_PS4_RELEASE,3,STEAM_STORE | WIKIDATA | WIKIPEDIA_PS4_LIST,B_OTHER_PLATFORM | B_PS4_RELEASE | C_DISCOVERY,https://en.wikipedia.org/wiki/List_of_PlayStation_4_games_(A%E2%80%93L) | https://store.steampowered.com/app/765870 | https://www.wikidata.org/wiki/Q55393049,"La lista específica de PS4 atribuye el desarrollo a esta compañía. | La ficha comercial de Steam confirma la desarrolladora de la obra, no necesariamente el port de PS4. | Wikidata registra la compañía como desarrolladora.",No propagar a ports o compilaciones sin comprobar sus créditos propios.,,CUSA14458_00,,HIGH_REPLACEMENT_BLOCKED
ps4-like-a-dragon-infinite-wealth,Like a Dragon: Infinite Wealth,PAL España,standard,like a dragon infinite wealth,like a dragon infinite wealth,GAME_OR_UNKNOWN,DEVELOPER,developer,Ryu Ga Gotoku Studio,ryu-ga-gotoku-studio,Ryu Ga Gotoku Studio | Ryu ga Gotoku Studio,EXACT_NAME_OR_ALIAS,Ryuu ga Gotoku Studio,REPLACE_OR_ADD_REVIEW,HIGH,NO,GAME_WORK | GAME_WORK_OR_PS4_RELEASE,3,STEAM_STORE | WIKIDATA | WIKIPEDIA_PS4_LIST,B_OTHER_PLATFORM | B_PS4_RELEASE | C_DISCOVERY,https://en.wikipedia.org/wiki/List_of_PlayStation_4_games_(A%E2%80%93L) | https://store.steampowered.com/app/2072450 | https://www.wikidata.org/wiki/Q116980062,"La lista específica de PS4 atribuye el desarrollo a esta compañía. | La ficha comercial de Steam confirma la desarrolladora de la obra, no necesariamente el port de PS4. | Wikidata registra la compañía como desarrolladora.",No propagar a ports o compilaciones sin comprobar sus créditos propios.,,CUSA32137_00,CUSA32137_00,HIGH_REPLACEMENT_BLOCKED
ps4-like-a-dragon-ishin,Like a Dragon: Ishin,PAL España,standard,like a dragon ishin,like a dragon ishin,GAME_OR_UNKNOWN,DEVELOPER,developer,Ryu Ga Gotoku Studio,ryu-ga-gotoku-studio,Ryu Ga Gotoku Studio | Ryu ga Gotoku Studio,EXACT_NAME_OR_ALIAS,Ryuu ga Gotoku Studio,REPLACE_OR_ADD_REVIEW,HIGH,NO,GAME_WORK | GAME_WORK_OR_PS4_RELEASE,3,STEAM_STORE | WIKIDATA | WIKIPEDIA_PS4_LIST,B_OTHER_PLATFORM | B_PS4_RELEASE | C_DISCOVERY,https://en.wikipedia.org/wiki/List_of_PlayStation_4_games_(A%E2%80%93L) | https://store.steampowered.com/app/1805480 | https://www.wikidata.org/wiki/Q113961026,"La lista específica de PS4 atribuye el desarrollo a esta compañía. | La ficha comercial de Steam confirma la desarrolladora de la obra, no necesariamente el port de PS4. | Wikidata registra la compañía como desarrolladora.",No propagar a ports o compilaciones sin comprobar sus créditos propios.,,CUSA32174_00,CUSA32174_00,HIGH_REPLACEMENT_BLOCKED
ps4-little-town-hero-big-idea-edition,Little Town Hero [Big Idea Edition],PAL España,standard,little town hero,little town hero,GAME_OR_UNKNOWN,DEVELOPER,developer,Game Freak,game-freak,Game Freak | GAME FREAK inc. | Game Freak Inc.,EXACT_NAME_OR_ALIAS,GameFreak,REPLACE_OR_ADD_REVIEW,HIGH,NO,GAME_WORK | GAME_WORK_OR_PS4_RELEASE | PS4_RELEASE,4,LAUNCHBOX_GAMES_DB | STEAM_STORE | WIKIDATA | WIKIPEDIA_PS4_LIST,B_OTHER_PLATFORM | B_PS4_RELEASE | C_DISCOVERY,https://en.wikipedia.org/wiki/List_of_PlayStation_4_games_(A%E2%80%93L) | https://store.steampowered.com/app/1183510 | https://www.wikidata.org/wiki/Q67138302 | https://gamesdb.launchbox-app.com/games/details/475897,"La lista específica de PS4 atribuye el desarrollo a esta compañía. | La ficha comercial de Steam confirma la desarrolladora de la obra, no necesariamente el port de PS4. | Wikidata registra la compañía como desarrolladora. | LaunchBox registra esta desarrolladora para su ficha de PS4.",No propagar a ports o compilaciones sin comprobar sus créditos propios.,,,,HIGH_REPLACEMENT_BLOCKED
ps4-maneater,Maneater,PAL España,standard,maneater,maneater,GAME_OR_UNKNOWN,DEVELOPER,developer,Tripwire Interactive,tripwire-interactive,Tripwire Interactive,EXACT_NAME_OR_ALIAS,Blindside Interactive,REPLACE_OR_ADD_REVIEW,HIGH,NO,EXACT_PHYSICAL_EDITION | GAME_WORK | PS4_RELEASE,4,LAUNCHBOX_GAMES_DB | PRICECHARTING_EXACT_PAL_PAGE | STEAM_STORE | WIKIDATA,B_EXACT_PHYSICAL | B_OTHER_PLATFORM | C_DISCOVERY,https://www.pricecharting.com/game/pal-playstation-4/maneater | https://store.steampowered.com/app/629820 | https://www.wikidata.org/wiki/Q62393478 | https://gamesdb.launchbox-app.com/games/details/473488,"La ficha enlazada de la edición física PAL atribuye el desarrollo a esta compañía. | La ficha comercial de Steam confirma la desarrolladora de la obra, no necesariamente el port de PS4. | Wikidata registra la compañía como desarrolladora. | LaunchBox registra esta desarrolladora para su ficha de PS4.",No propagar a ports o compilaciones sin comprobar sus créditos propios.,,CUSA14538_00,CUSA14538_00,HIGH_REPLACEMENT_BLOCKED
ps4-maneater,Maneater,PAL España,standard,maneater,maneater,GAME_OR_UNKNOWN,PHYSICAL_PUBLISHER_OR_DISTRIBUTOR,publisher,Deep SIlver,deep-silver,Deep Silver,EXACT_NAME_OR_ALIAS,Tripwire Interactive,REPLACE_OR_ADD_REVIEW,HIGH,NO,EXACT_PHYSICAL_EDITION,1,PRICECHARTING_EXACT_PAL_PAGE,B_EXACT_PHYSICAL,https://www.pricecharting.com/game/pal-playstation-4/maneater,La ficha exacta de la edición física PAL etiqueta a esta compañía como Publisher; puede representar publicación o distribución física.,Confirmar si la etiqueta Publisher representa publicación o distribución en la caja PAL.,,CUSA14538_00,CUSA14538_00,HIGH_REPLACEMENT_BLOCKED
ps4-metal-gear-solid-v-the-phantom-pain,Metal Gear Solid V The Phantom Pain,PAL España,standard,metal gear solid v the phantom pain,metal gear solid v the phantom pain,GAME_OR_UNKNOWN,PHYSICAL_PUBLISHER_OR_DISTRIBUTOR,publisher,Konami Digital Entertainment,konami-digital-entertainment,Konami Digital Entertainment,EXACT_NAME_OR_ALIAS,Konami,REPLACE_OR_ADD_REVIEW,HIGH,NO,EXACT_PHYSICAL_EDITION,1,PRICECHARTING_EXACT_PAL_PAGE,B_EXACT_PHYSICAL,https://www.pricecharting.com/game/pal-playstation-4/metal-gear-solid-v-the-phantom-pain,La ficha exacta de la edición física PAL etiqueta a esta compañía como Publisher; puede representar publicación o distribución física.,Confirmar si la etiqueta Publisher representa publicación o distribución en la caja PAL.,,CUSA01154_00,CUSA01154_00,HIGH_REPLACEMENT_BLOCKED
ps4-metal-gear-survive,Metal Gear Survive,PAL España,standard,metal gear survive,metal gear survive,GAME_OR_UNKNOWN,DEVELOPER,developer,Konami,konami,Konami | KONAMI,EXACT_NAME_OR_ALIAS,Konami Digital Entertainment,REPLACE_OR_ADD_REVIEW,HIGH,NO,GAME_WORK | GAME_WORK_OR_PS4_RELEASE,3,STEAM_STORE | WIKIDATA | WIKIPEDIA_PS4_LIST,B_OTHER_PLATFORM | B_PS4_RELEASE | C_DISCOVERY,https://en.wikipedia.org/wiki/List_of_PlayStation_4_games_(M%E2%80%93Z) | https://store.steampowered.com/app/543900 | https://www.wikidata.org/wiki/Q27534668,"La lista específica de PS4 atribuye el desarrollo a esta compañía. | La ficha comercial de Steam confirma la desarrolladora de la obra, no necesariamente el port de PS4. | Wikidata registra la compañía como desarrolladora.",No propagar a ports o compilaciones sin comprobar sus créditos propios.,,CUSA07201_00,CUSA07201_00,HIGH_REPLACEMENT_BLOCKED
ps4-metal-slug-xx,Metal Slug XX,PAL España,standard,metal slug xx,metal slug xx,GAME_OR_UNKNOWN,DEVELOPER,developer,SNK Corporation,snk,SNK | SNK CORPORATION,EXACT_NAME_OR_ALIAS,SNK Playmore,REPLACE_OR_ADD_REVIEW,HIGH,NO,EXACT_PHYSICAL_EDITION | GAME_WORK,2,PRICECHARTING_EXACT_PAL_PAGE | STEAM_STORE,B_EXACT_PHYSICAL | B_OTHER_PLATFORM,https://www.pricecharting.com/game/pal-playstation-4/metal-slug-xx | https://store.steampowered.com/app/975680,"La ficha enlazada de la edición física PAL atribuye el desarrollo a esta compañía. | La ficha comercial de Steam confirma la desarrolladora de la obra, no necesariamente el port de PS4.",No propagar a ports o compilaciones sin comprobar sus créditos propios.,,,,HIGH_REPLACEMENT_BLOCKED
ps4-monster-jam-steel-titans-2,Monster Jam Steel Titans 2,PAL España,standard,monster jam steel titans 2,monster jam steel titans 2,GAME_OR_UNKNOWN,DEVELOPER,developer,Rainbow Studios,rainbow-studios,Rainbow Studios,EXACT_NAME_OR_ALIAS,Rainbow,REPLACE_OR_ADD_REVIEW,HIGH,NO,GAME_WORK | GAME_WORK_OR_PS4_RELEASE | MATCHED_PS4_PRODUCT | PS4_RELEASE,5,LAUNCHBOX_GAMES_DB | PLAYSTATION_STORE_EXPLICIT_CREDIT | STEAM_STORE | WIKIDATA | WIKIPEDIA_PS4_LIST,A_OFFICIAL_MATCHED_TITLE_CREDIT | B_OTHER_PLATFORM | B_PS4_RELEASE | C_DISCOVERY,https://store.playstation.com/es-es/product/EP4389-CUSA25600_00-MONSTERJAM2EU000 | https://en.wikipedia.org/wiki/List_of_PlayStation_4_games_(M%E2%80%93Z) | https://store.steampowered.com/app/1205480 | https://www.wikidata.org/wiki/Q111982646 | https://gamesdb.launchbox-app.com/games/details/476472,"Developed by Rainbow Studios | La lista específica de PS4 atribuye el desarrollo a esta compañía. | La ficha comercial de Steam confirma la desarrolladora de la obra, no necesariamente el port de PS4. | Wikidata registra la compañía como desarrolladora. | LaunchBox registra esta desarrolladora para su ficha de PS4.",No propagar a ports o compilaciones sin comprobar sus créditos propios.,,CUSA19156_00,,HIGH_REPLACEMENT_BLOCKED
ps4-necromunda-hired-gun,Necromunda: Hired Gun,PAL España,standard,necromunda hired gun,necromunda hired gun,GAME_OR_UNKNOWN,DEVELOPER,developer,Streum On Studio,streum-on-studio,Streum On Studio,EXACT_NAME_OR_ALIAS,Streumon studio,REPLACE_OR_ADD_REVIEW,HIGH,NO,GAME_WORK | GAME_WORK_OR_PS4_RELEASE | PS4_RELEASE,4,LAUNCHBOX_GAMES_DB | STEAM_STORE | WIKIDATA | WIKIPEDIA_PS4_LIST,B_OTHER_PLATFORM | B_PS4_RELEASE | C_DISCOVERY,https://en.wikipedia.org/wiki/List_of_PlayStation_4_games_(M%E2%80%93Z) | https://store.steampowered.com/app/1222370 | https://www.wikidata.org/wiki/Q106967650 | https://gamesdb.launchbox-app.com/games/details/473558,"La lista específica de PS4 atribuye el desarrollo a esta compañía. | La ficha comercial de Steam confirma la desarrolladora de la obra, no necesariamente el port de PS4. | Wikidata registra la compañía como desarrolladora. | LaunchBox registra esta desarrolladora para su ficha de PS4.",No propagar a ports o compilaciones sin comprobar sus créditos propios.,,CUSA28810_00,CUSA28810_00,HIGH_REPLACEMENT_BLOCKED
ps4-neptunia-sisters-vs-sisters,Neptunia: Sisters VS Sisters,PAL España,standard,neptunia sisters vs sisters,neptunia sisters vs sisters,GAME_OR_UNKNOWN,PHYSICAL_PUBLISHER_OR_DISTRIBUTOR,publisher,"Idea Factory Co., Ltd.",idea-factory,Idea Factory,EXACT_NAME_OR_ALIAS,Compile Heart,REPLACE_OR_ADD_REVIEW,HIGH,NO,EXACT_PHYSICAL_EDITION | PAL_RELEASE,2,PRICECHARTING_EXACT_PAL_PAGE | WIKIPEDIA_PS4_LIST_PAL,B_EXACT_PHYSICAL | B_PAL_RELEASE,https://www.pricecharting.com/game/pal-playstation-4/neptunia-sisters-vs-sisters | https://en.wikipedia.org/wiki/List_of_PlayStation_4_games_(M%E2%80%93Z),La ficha exacta de la edición física PAL etiqueta a esta compañía como Publisher; puede representar publicación o distribución física. | La columna PAL de la lista de PS4 atribuye la publicación a esta compañía.,Confirmar si la etiqueta Publisher representa publicación o distribución en la caja PAL.,,CUSA35730_00,CUSA35730_00,HIGH_REPLACEMENT_BLOCKED
ps4-neptunia-x-senran-kagura-ninja-wars,Neptunia x Senran Kagura: Ninja Wars,PAL España,standard,neptunia x senran kagura ninja wars,neptunia x senran kagura ninja wars,GAME_OR_UNKNOWN,PHYSICAL_PUBLISHER_OR_DISTRIBUTOR,publisher,Reef Entertainment,reef-entertainment,Reef Entertainment,EXACT_NAME_OR_ALIAS,Compile Heart,REPLACE_OR_ADD_REVIEW,HIGH,NO,EXACT_PHYSICAL_EDITION,1,PRICECHARTING_EXACT_PAL_PAGE,B_EXACT_PHYSICAL,https://www.pricecharting.com/game/pal-playstation-4/neptunia-x-senran-kagura-ninja-wars,La ficha exacta de la edición física PAL etiqueta a esta compañía como Publisher; puede representar publicación o distribución física.,Confirmar si la etiqueta Publisher representa publicación o distribución en la caja PAL.,,CUSA29604_00,CUSA29604_00,HIGH_REPLACEMENT_BLOCKED
ps4-nickelodeon-kart-racers-2-grand-prix,Nickelodeon Kart Racers 2: Grand Prix,PAL España,standard,nickelodeon kart racers 2 grand prix,nickelodeon kart racers 2 grand prix,GAME_OR_UNKNOWN,DEVELOPER,developer,Bamtang Games,bamtang-games,Bamtang Games,EXACT_NAME_OR_ALIAS,Bamtang,REPLACE_OR_ADD_REVIEW,HIGH,NO,GAME_WORK | GAME_WORK_OR_PS4_RELEASE | PS4_RELEASE,4,LAUNCHBOX_GAMES_DB | STEAM_STORE | WIKIDATA | WIKIPEDIA_PS4_LIST,B_OTHER_PLATFORM | B_PS4_RELEASE | C_DISCOVERY,https://en.wikipedia.org/wiki/List_of_PlayStation_4_games_(M%E2%80%93Z) | https://store.steampowered.com/app/1383960 | https://www.wikidata.org/wiki/Q96395586 | https://gamesdb.launchbox-app.com/games/details/206672,"La lista específica de PS4 atribuye el desarrollo a esta compañía. | La ficha comercial de Steam confirma la desarrolladora de la obra, no necesariamente el port de PS4. | Wikidata registra la compañía como desarrolladora. | LaunchBox registra esta desarrolladora para su ficha de PS4.",No propagar a ports o compilaciones sin comprobar sus créditos propios.,,CUSA18380_00,,HIGH_REPLACEMENT_BLOCKED
ps4-nier-automata,Nier Automata,PAL España,standard,nier automata,nier automata,GAME_OR_UNKNOWN,DEVELOPER,developer,PlatinumGames Inc,platinumgames,PlatinumGames | PlatinumGames Inc.,EXACT_NAME_OR_ALIAS,Platinum Games,REPLACE_OR_ADD_REVIEW,HIGH,NO,GAME_WORK | GAME_WORK_OR_PS4_RELEASE | PS4_RELEASE,3,LAUNCHBOX_GAMES_DB | STEAM_STORE | WIKIPEDIA_PS4_LIST,B_OTHER_PLATFORM | B_PS4_RELEASE | C_DISCOVERY,https://en.wikipedia.org/wiki/List_of_PlayStation_4_games_(M%E2%80%93Z) | https://store.steampowered.com/app/524220 | https://gamesdb.launchbox-app.com/games/details/35050,"La lista específica de PS4 atribuye el desarrollo a esta compañía. | La ficha comercial de Steam confirma la desarrolladora de la obra, no necesariamente el port de PS4. | LaunchBox registra esta desarrolladora para su ficha de PS4.",No propagar a ports o compilaciones sin comprobar sus créditos propios.,,CUSA02517_00,,HIGH_REPLACEMENT_BLOCKED
ps4-nitroplus-blasterz-heroines-infinite-duel,Nitroplus Blasterz: Heroines Infinite Duel,PAL España,standard,nitroplus blasterz heroines infinite duel,nitroplus blasterz heroines infinite duel,GAME_OR_UNKNOWN,DEVELOPER,developer,Examu,examu,Examu | EXAMU,EXACT_NAME_OR_ALIAS,Team Arcana,REPLACE_OR_ADD_REVIEW,HIGH,NO,GAME_WORK | GAME_WORK_OR_PS4_RELEASE,2,STEAM_STORE | WIKIPEDIA_PS4_LIST,B_OTHER_PLATFORM | B_PS4_RELEASE,https://en.wikipedia.org/wiki/List_of_PlayStation_4_games_(M%E2%80%93Z) | https://store.steampowered.com/app/482450,"La lista específica de PS4 atribuye el desarrollo a esta compañía. | La ficha comercial de Steam confirma la desarrolladora de la obra, no necesariamente el port de PS4.",No propagar a ports o compilaciones sin comprobar sus créditos propios.,,CUSA02597_00,,HIGH_REPLACEMENT_BLOCKED
ps4-onimusha-warlords,Onimusha Warlords,PAL España,standard,onimusha warlords,onimusha warlords,GAME_OR_UNKNOWN,DEVELOPER,developer,Capcom,capcom,Capcom | CAPCOM Co Ltd,EXACT_NAME_OR_ALIAS,Neobards Entertainment,REPLACE_OR_ADD_REVIEW,HIGH,NO,GAME_WORK | GAME_WORK_OR_PS4_RELEASE | PS4_RELEASE,3,LAUNCHBOX_GAMES_DB | STEAM_STORE | WIKIPEDIA_PS4_LIST,B_OTHER_PLATFORM | B_PS4_RELEASE | C_DISCOVERY,https://en.wikipedia.org/wiki/List_of_PlayStation_4_games_(M%E2%80%93Z) | https://store.steampowered.com/app/761600 | https://gamesdb.launchbox-app.com/games/details/162525,"La lista específica de PS4 atribuye el desarrollo a esta compañía. | La ficha comercial de Steam confirma la desarrolladora de la obra, no necesariamente el port de PS4. | LaunchBox registra esta desarrolladora para su ficha de PS4.",No propagar a ports o compilaciones sin comprobar sus créditos propios.,,CUSA11142_00,,HIGH_REPLACEMENT_BLOCKED
ps4-plants-vs-zombies-battle-for-neighborville,Plants Vs. Zombies: Battle For Neighborville,PAL España,standard,plants vs zombies battle for neighborville,plants vs zombies battle for neighborville,GAME_OR_UNKNOWN,PHYSICAL_PUBLISHER_OR_DISTRIBUTOR,publisher,Electronic Arts,electronic-arts,Electronic Arts,EXACT_NAME_OR_ALIAS,PopCap Games,REPLACE_OR_ADD_REVIEW,HIGH,NO,EXACT_PHYSICAL_EDITION | PAL_RELEASE,2,PRICECHARTING_EXACT_PAL_PAGE | WIKIPEDIA_PS4_LIST_PAL,B_EXACT_PHYSICAL | B_PAL_RELEASE,https://www.pricecharting.com/game/pal-playstation-4/plants-vs-zombies-battle-for-neighborville | https://en.wikipedia.org/wiki/List_of_PlayStation_4_games_(M%E2%80%93Z),La ficha exacta de la edición física PAL etiqueta a esta compañía como Publisher; puede representar publicación o distribución física. | La columna PAL de la lista de PS4 atribuye la publicación a esta compañía.,Confirmar si la etiqueta Publisher representa publicación o distribución en la caja PAL.,,CUSA10852_00,CUSA10852_00,HIGH_REPLACEMENT_BLOCKED
ps4-prince-of-persia-the-lost-crown,Prince of Persia: The Lost Crown,PAL España,standard,prince of persia the lost crown,prince of persia the lost crown,GAME_OR_UNKNOWN,DEVELOPER,developer,Ubisoft Montpellier,ubisoft-montpellier,Ubisoft Montpellier,EXACT_NAME_OR_ALIAS,Ubisoft,REPLACE_OR_ADD_REVIEW,HIGH,NO,GAME_WORK | GAME_WORK_OR_PS4_RELEASE | PS4_RELEASE,3,LAUNCHBOX_GAMES_DB | STEAM_STORE | WIKIPEDIA_PS4_LIST,B_OTHER_PLATFORM | B_PS4_RELEASE | C_DISCOVERY,https://en.wikipedia.org/wiki/List_of_PlayStation_4_games_(M%E2%80%93Z) | https://store.steampowered.com/app/2751000 | https://gamesdb.launchbox-app.com/games/details/441456,"La lista específica de PS4 atribuye el desarrollo a esta compañía. | La ficha comercial de Steam confirma la desarrolladora de la obra, no necesariamente el port de PS4. | LaunchBox registra esta desarrolladora para su ficha de PS4.",No propagar a ports o compilaciones sin comprobar sus créditos propios.,,CUSA36582_00,CUSA36582_00,HIGH_REPLACEMENT_BLOCKED
ps4-pro-evolution-soccer-2018,Pro Evolution Soccer 2018,PAL España,standard,pro evolution soccer 2018,pro evolution soccer 2018,GAME_OR_UNKNOWN,PHYSICAL_PUBLISHER_OR_DISTRIBUTOR,publisher,Konami,konami,Konami,EXACT_NAME_OR_ALIAS,Konami Digital Entertainment,REPLACE_OR_ADD_REVIEW,HIGH,NO,EXACT_PHYSICAL_EDITION | PAL_RELEASE,2,PRICECHARTING_EXACT_PAL_PAGE | WIKIPEDIA_PS4_LIST_PAL,B_EXACT_PHYSICAL | B_PAL_RELEASE,https://www.pricecharting.com/game/pal-playstation-4/pro-evolution-soccer-2018 | https://en.wikipedia.org/wiki/List_of_PlayStation_4_games_(M%E2%80%93Z),La ficha exacta de la edición física PAL etiqueta a esta compañía como Publisher; puede representar publicación o distribución física. | La columna PAL de la lista de PS4 atribuye la publicación a esta compañía.,Confirmar si la etiqueta Publisher representa publicación o distribución en la caja PAL.,,,,HIGH_REPLACEMENT_BLOCKED
ps4-pro-evolution-soccer-2019,Pro Evolution Soccer 2019,PAL España,standard,pro evolution soccer 2019,pro evolution soccer 2019,GAME_OR_UNKNOWN,PHYSICAL_PUBLISHER_OR_DISTRIBUTOR,publisher,Konami,konami,Konami,EXACT_NAME_OR_ALIAS,Konami Digital Entertainment,REPLACE_OR_ADD_REVIEW,HIGH,NO,EXACT_PHYSICAL_EDITION | PAL_RELEASE,2,PRICECHARTING_EXACT_PAL_PAGE | WIKIPEDIA_PS4_LIST_PAL,B_EXACT_PHYSICAL | B_PAL_RELEASE,https://www.pricecharting.com/game/pal-playstation-4/pro-evolution-soccer-2019 | https://en.wikipedia.org/wiki/List_of_PlayStation_4_games_(M%E2%80%93Z),La ficha exacta de la edición física PAL etiqueta a esta compañía como Publisher; puede representar publicación o distribución física. | La columna PAL de la lista de PS4 atribuye la publicación a esta compañía.,Confirmar si la etiqueta Publisher representa publicación o distribución en la caja PAL.,,CUSA11154_00,CUSA11154_00,HIGH_REPLACEMENT_BLOCKED
ps4-pure-hold%27em,Pure Hold'em,PAL España,standard,pure hold em,pure hold em,GAME_OR_UNKNOWN,DEVELOPER,developer,VooFoo Studios,voofoo-studios,Voofoo Studios | VooFoo Studios,EXACT_NAME_OR_ALIAS,VooFoo,REPLACE_OR_ADD_REVIEW,HIGH,NO,GAME_WORK | GAME_WORK_OR_PS4_RELEASE | MATCHED_PS4_PRODUCT,4,PLAYSTATION_STORE_EXPLICIT_CREDIT | STEAM_STORE | WIKIDATA | WIKIPEDIA_PS4_LIST,A_OFFICIAL_MATCHED_TITLE_CREDIT | B_OTHER_PLATFORM | B_PS4_RELEASE | C_DISCOVERY,https://store.playstation.com/es-es/product/EP4337-CUSA01103_00-UPUREPOKER000001 | https://en.wikipedia.org/wiki/List_of_PlayStation_4_games_(M%E2%80%93Z) | https://store.steampowered.com/app/322950 | https://www.wikidata.org/wiki/Q110538340,"Developed by Voofoo Studios | La lista específica de PS4 atribuye el desarrollo a esta compañía. | La ficha comercial de Steam confirma la desarrolladora de la obra, no necesariamente el port de PS4. | Wikidata registra la compañía como desarrolladora.",No propagar a ports o compilaciones sin comprobar sus créditos propios.,,,,HIGH_REPLACEMENT_BLOCKED
ps4-puyo-puyo-tetris-2,Puyo Puyo Tetris 2,PAL España,standard,puyo puyo tetris 2,puyo puyo tetris 2,GAME_OR_UNKNOWN,DEVELOPER,developer,Sega,sega,Sega | SEGA,EXACT_NAME_OR_ALIAS,Sonic Team,REPLACE_OR_ADD_REVIEW,HIGH,NO,EXACT_PHYSICAL_EDITION | GAME_WORK | PS4_RELEASE,3,LAUNCHBOX_GAMES_DB | PRICECHARTING_EXACT_PAL_PAGE | STEAM_STORE,B_EXACT_PHYSICAL | B_OTHER_PLATFORM | C_DISCOVERY,https://www.pricecharting.com/game/pal-playstation-4/puyo-puyo-tetris-2 | https://store.steampowered.com/app/1259790 | https://gamesdb.launchbox-app.com/games/details/473833,"La ficha enlazada de la edición física PAL atribuye el desarrollo a esta compañía. | La ficha comercial de Steam confirma la desarrolladora de la obra, no necesariamente el port de PS4. | LaunchBox registra esta desarrolladora para su ficha de PS4.",No propagar a ports o compilaciones sin comprobar sus créditos propios.,,CUSA24366_00,CUSA24366_00,HIGH_REPLACEMENT_BLOCKED
ps4-real-farm,Real Farm,PAL España,standard,real farm,real farm,GAME_OR_UNKNOWN,DEVELOPER,developer,Triangle Studios,triangle-studios,Triangle Studios,EXACT_NAME_OR_ALIAS,"Soedesco, Triangle Studios",REPLACE_OR_ADD_REVIEW,HIGH,NO,EXACT_PHYSICAL_EDITION | GAME_WORK_OR_PS4_RELEASE | PS4_RELEASE,4,LAUNCHBOX_GAMES_DB | PRICECHARTING_EXACT_PAL_PAGE | REGIONATLAS_LEGACY_PRICECHARTING_CREDIT | WIKIPEDIA_PS4_LIST,B_EXACT_PHYSICAL | B_LEGACY_EXACT_PHYSICAL | B_PS4_RELEASE | C_DISCOVERY,https://www.pricecharting.com/game/pal-playstation-4/real-farm | https://en.wikipedia.org/wiki/List_of_PlayStation_4_games_(M%E2%80%93Z) | https://gamesdb.launchbox-app.com/games/details/473847,La ficha enlazada de la edición física PAL atribuye el desarrollo a esta compañía. | El crédito actual procede de la importación histórica de la ficha física enlazada; se contrasta con la consulta en vivo. | La lista específica de PS4 atribuye el desarrollo a esta compañía. | LaunchBox registra esta desarrolladora para su ficha de PS4.,No propagar a ports o compilaciones sin comprobar sus créditos propios.,CUSA_TITLE_CONFLICT,CUSA07966_00,,IDENTIFIER_BLOCKED
ps4-red-dead-redemption-2,Red Dead Redemption 2,PAL España,standard,red dead redemption 2,red dead redemption 2,GAME_OR_UNKNOWN,DEVELOPER,developer,Rockstar Games,rockstar-games,Rockstar Games,EXACT_NAME_OR_ALIAS,Rockstar San Diego,REPLACE_OR_ADD_REVIEW,HIGH,NO,GAME_WORK | GAME_WORK_OR_PS4_RELEASE,2,STEAM_STORE | WIKIPEDIA_PS4_LIST,B_OTHER_PLATFORM | B_PS4_RELEASE,https://en.wikipedia.org/wiki/List_of_PlayStation_4_games_(M%E2%80%93Z) | https://store.steampowered.com/app/1174180,"La lista específica de PS4 atribuye el desarrollo a esta compañía. | La ficha comercial de Steam confirma la desarrolladora de la obra, no necesariamente el port de PS4.",No propagar a ports o compilaciones sin comprobar sus créditos propios.,,CUSA08519_00,CUSA08519_00,HIGH_REPLACEMENT_BLOCKED
ps4-resident-evil-3,Resident Evil 3,PAL España,standard,resident evil 3,resident evil 3,GAME_OR_UNKNOWN,DEVELOPER,developer,Capcom,capcom,Capcom | CAPCOM Co Ltd.,EXACT_NAME_OR_ALIAS,M-Two,REPLACE_OR_ADD_REVIEW,HIGH,NO,EXACT_PHYSICAL_EDITION | GAME_WORK | GAME_WORK_OR_PS4_RELEASE | PS4_RELEASE,4,LAUNCHBOX_GAMES_DB | PRICECHARTING_EXACT_PAL_PAGE | STEAM_STORE | WIKIPEDIA_PS4_LIST,B_EXACT_PHYSICAL | B_OTHER_PLATFORM | B_PS4_RELEASE | C_DISCOVERY,https://www.pricecharting.com/game/pal-playstation-4/resident-evil-3 | https://en.wikipedia.org/wiki/List_of_PlayStation_4_games_(M%E2%80%93Z) | https://store.steampowered.com/app/952060 | https://gamesdb.launchbox-app.com/games/details/173443,"La ficha enlazada de la edición física PAL atribuye el desarrollo a esta compañía. | La lista específica de PS4 atribuye el desarrollo a esta compañía. | La ficha comercial de Steam confirma la desarrolladora de la obra, no necesariamente el port de PS4. | LaunchBox registra esta desarrolladora para su ficha de PS4.",No propagar a ports o compilaciones sin comprobar sus créditos propios.,,CUSA14278_00,CUSA14278_00,HIGH_REPLACEMENT_BLOCKED
ps4-riders-republic,Riders Republic,PAL España,standard,riders republic,riders republic,GAME_OR_UNKNOWN,DEVELOPER,developer,Ubisoft Annecy,ubisoft-annecy,Ubisoft Annecy,EXACT_NAME_OR_ALIAS,Ubisoft,REPLACE_OR_ADD_REVIEW,HIGH,NO,GAME_WORK | GAME_WORK_OR_PS4_RELEASE | PS4_RELEASE,4,LAUNCHBOX_GAMES_DB | STEAM_STORE | WIKIDATA | WIKIPEDIA_PS4_LIST,B_OTHER_PLATFORM | B_PS4_RELEASE | C_DISCOVERY,https://en.wikipedia.org/wiki/List_of_PlayStation_4_games_(M%E2%80%93Z) | https://store.steampowered.com/app/2290180 | https://www.wikidata.org/wiki/Q99316640 | https://gamesdb.launchbox-app.com/games/details/473842,"La lista específica de PS4 atribuye el desarrollo a esta compañía. | La ficha comercial de Steam confirma la desarrolladora de la obra, no necesariamente el port de PS4. | Wikidata registra la compañía como desarrolladora. | LaunchBox registra esta desarrolladora para su ficha de PS4.",No propagar a ports o compilaciones sin comprobar sus créditos propios.,,CUSA19394_00,,HIGH_REPLACEMENT_BLOCKED
ps4-ryan%27s-rescue-squad,Ryan's Rescue Squad,PAL España,standard,ryan s rescue squad,ryan s rescue squad,GAME_OR_UNKNOWN,DEVELOPER,developer,Stage Clear Studios,stage-clear-studios,STAGE CLEAR STUDIOS | Stage Clear Studios,EXACT_NAME_OR_ALIAS,Clear Stage Studios,REPLACE_OR_ADD_REVIEW,HIGH,NO,GAME_WORK | MATCHED_PS4_PRODUCT | PS4_RELEASE,4,LAUNCHBOX_GAMES_DB | PLAYSTATION_STORE_EXPLICIT_CREDIT | STEAM_STORE | WIKIDATA,A_OFFICIAL_MATCHED_TITLE_CREDIT | B_OTHER_PLATFORM | C_DISCOVERY,https://store.playstation.com/es-es/product/EP3678-CUSA27885_00-RYANSWORLDGAME01 | https://store.steampowered.com/app/1596940 | https://www.wikidata.org/wiki/Q111152424 | https://gamesdb.launchbox-app.com/games/details/473754,"DEVELOPED BY 2022 STAGE CLEAR STUDIOS | La ficha comercial de Steam confirma la desarrolladora de la obra, no necesariamente el port de PS4. | Wikidata registra la compañía como desarrolladora. | LaunchBox registra esta desarrolladora para su ficha de PS4.",No propagar a ports o compilaciones sin comprobar sus créditos propios.,,CUSA27884_00,,HIGH_REPLACEMENT_BLOCKED
ps4-senran-kagura-burst-renewal,Senran Kagura Burst Re:Newal,PAL España,standard,senran kagura burst re newal,senran kagura burst re newal,GAME_OR_UNKNOWN,DEVELOPER,developer,Tamsoft Corporation,tamsoft,Tamsoft,EXACT_NAME_OR_ALIAS,Honey Parade Games,REPLACE_OR_ADD_REVIEW,HIGH,NO,GAME_WORK | GAME_WORK_OR_PS4_RELEASE | PS4_RELEASE,4,LAUNCHBOX_GAMES_DB | STEAM_STORE | WIKIDATA | WIKIPEDIA_PS4_LIST,B_OTHER_PLATFORM | B_PS4_RELEASE | C_DISCOVERY,https://en.wikipedia.org/wiki/List_of_PlayStation_4_games_(M%E2%80%93Z) | https://store.steampowered.com/app/889510 | https://www.wikidata.org/wiki/Q58796231 | https://gamesdb.launchbox-app.com/games/details/162524,"La lista específica de PS4 atribuye el desarrollo a esta compañía. | La ficha comercial de Steam confirma la desarrolladora de la obra, no necesariamente el port de PS4. | Wikidata registra la compañía como desarrolladora. | LaunchBox registra esta desarrolladora para su ficha de PS4.",No propagar a ports o compilaciones sin comprobar sus créditos propios.,,CUSA09269_00,,HIGH_REPLACEMENT_BLOCKED
ps4-snk-heroines-tag-team-frenzy-diamond-dream-edition,SNK Heroines: Tag Team Frenzy [Diamond Dream Edition],PAL España,standard,snk heroines tag team frenzy,snk heroines tag team frenzy,GAME_OR_UNKNOWN,DEVELOPER,developer,Abstraction Games,abstraction-games,Abstraction Games,EXACT_NAME_OR_ALIAS,"KOF Studio, Abstraction Games",REPLACE_OR_ADD_REVIEW,HIGH,NO,EXACT_PHYSICAL_EDITION | GAME_WORK,3,REGIONATLAS_LEGACY_PRICECHARTING_CREDIT | STEAM_STORE | WIKIDATA,B_LEGACY_EXACT_PHYSICAL | B_OTHER_PLATFORM | C_DISCOVERY,https://www.pricecharting.com/game/pal-playstation-4/snk-heroines-tag-team-frenzy-diamond-dream-edition | https://store.steampowered.com/app/794580 | https://www.wikidata.org/wiki/Q48862321,"El crédito actual procede de la importación histórica de la ficha física enlazada; se contrasta con la consulta en vivo. | La ficha comercial de Steam confirma la desarrolladora de la obra, no necesariamente el port de PS4. | Wikidata registra la compañía como desarrolladora.",No propagar a ports o compilaciones sin comprobar sus créditos propios.,,,,HIGH_REPLACEMENT_BLOCKED
ps4-south-park-the-fractured-but-whole-deluxe-edition,South Park The Fractured but Whole [Deluxe Edition],PAL España,standard,south park the fractured but whole,south park the fractured but whole,EDITION_VARIANT,DEVELOPER,developer,Ubisoft San Francisco,ubisoft-san-francisco,Ubisoft San Francisco,EXACT_NAME_OR_ALIAS,Ubisoft,REPLACE_OR_ADD_REVIEW,HIGH,NO,GAME_WORK | GAME_WORK_OR_PS4_RELEASE | PS4_RELEASE,3,LAUNCHBOX_GAMES_DB | STEAM_STORE | WIKIPEDIA_PS4_LIST,B_OTHER_PLATFORM | B_PS4_RELEASE | C_DISCOVERY,https://en.wikipedia.org/wiki/List_of_PlayStation_4_games_(M%E2%80%93Z) | https://store.steampowered.com/app/488790 | https://gamesdb.launchbox-app.com/games/details/193212,"La lista específica de PS4 atribuye el desarrollo a esta compañía. | La ficha comercial de Steam confirma la desarrolladora de la obra, no necesariamente el port de PS4. | LaunchBox registra esta desarrolladora para su ficha de PS4.",No propagar a ports o compilaciones sin comprobar sus créditos propios.,,,,HIGH_REPLACEMENT_BLOCKED
ps4-steins-gate-0,Steins Gate 0,PAL España,standard,steins gate 0,steins gate 0,GAME_OR_UNKNOWN,DEVELOPER,developer,Mages.,mages,Mages. Inc. | MAGES. Inc. | Mages,EXACT_NAME_OR_ALIAS,5pb,REPLACE_OR_ADD_REVIEW,HIGH,NO,EXACT_PHYSICAL_EDITION | GAME_WORK,3,PRICECHARTING_EXACT_PAL_PAGE | STEAM_STORE | WIKIDATA,B_EXACT_PHYSICAL | B_OTHER_PLATFORM | C_DISCOVERY,https://www.pricecharting.com/game/pal-playstation-4/steins-gate-0 | https://store.steampowered.com/app/825630 | https://www.wikidata.org/wiki/Q21775901,"La ficha enlazada de la edición física PAL atribuye el desarrollo a esta compañía. | La ficha comercial de Steam confirma la desarrolladora de la obra, no necesariamente el port de PS4. | Wikidata registra la compañía como desarrolladora.",No propagar a ports o compilaciones sin comprobar sus créditos propios.,,CUSA05866_00,CUSA05866_00,HIGH_REPLACEMENT_BLOCKED
ps4-steins-gate-0,Steins Gate 0,PAL España,standard,steins gate 0,steins gate 0,GAME_OR_UNKNOWN,PHYSICAL_PUBLISHER_OR_DISTRIBUTOR,publisher,PQube Ltd.,pqube,PQube Ltd.,EXACT_NAME_OR_ALIAS,5pb,REPLACE_OR_ADD_REVIEW,HIGH,NO,EXACT_PHYSICAL_EDITION,1,PRICECHARTING_EXACT_PAL_PAGE,B_EXACT_PHYSICAL,https://www.pricecharting.com/game/pal-playstation-4/steins-gate-0,La ficha exacta de la edición física PAL etiqueta a esta compañía como Publisher; puede representar publicación o distribución física.,Confirmar si la etiqueta Publisher representa publicación o distribución en la caja PAL.,,CUSA05866_00,CUSA05866_00,HIGH_REPLACEMENT_BLOCKED
ps4-super-monkey-ball-banana-mania-launch-edition,Super Monkey Ball Banana Mania [Launch Edition],PAL España,standard,super monkey ball banana mania,super monkey ball banana mania,EDITION_VARIANT,DEVELOPER,developer,Ryu Ga Gotoku Studio,ryu-ga-gotoku-studio,Ryu Ga Gotoku Studio | Ryu ga Gotoku Studio,EXACT_NAME_OR_ALIAS,Ryuu ga Gotoku Studio,REPLACE_OR_ADD_REVIEW,HIGH,NO,EXACT_PHYSICAL_EDITION | GAME_WORK | GAME_WORK_OR_PS4_RELEASE | PS4_RELEASE,5,LAUNCHBOX_GAMES_DB | PRICECHARTING_EXACT_PAL_PAGE | STEAM_STORE | WIKIDATA | WIKIPEDIA_PS4_LIST,B_EXACT_PHYSICAL | B_OTHER_PLATFORM | B_PS4_RELEASE | C_DISCOVERY,https://www.pricecharting.com/game/pal-playstation-4/super-monkey-ball-banana-mania-launch-edition | https://en.wikipedia.org/wiki/List_of_PlayStation_4_games_(M%E2%80%93Z) | https://store.steampowered.com/app/1316910 | https://www.wikidata.org/wiki/Q107377205 | https://gamesdb.launchbox-app.com/games/details/446080,"La ficha enlazada de la edición física PAL atribuye el desarrollo a esta compañía. | La lista específica de PS4 atribuye el desarrollo a esta compañía. | La ficha comercial de Steam confirma la desarrolladora de la obra, no necesariamente el port de PS4. | Wikidata registra la compañía como desarrolladora. | LaunchBox registra esta desarrolladora para su ficha de PS4.",No propagar a ports o compilaciones sin comprobar sus créditos propios.,,CUSA23944_00,CUSA23944_00,HIGH_REPLACEMENT_BLOCKED
ps4-sword-art-online-lost-song,Sword Art Online: Lost Song,PAL España,standard,sword art online lost song,sword art online lost song,GAME_OR_UNKNOWN,DEVELOPER,developer,Artdink,artdink,Artdink | ArtDink,EXACT_NAME_OR_ALIAS,Bandai Namco Entertainment,REPLACE_OR_ADD_REVIEW,HIGH,NO,GAME_WORK | GAME_WORK_OR_PS4_RELEASE | PS4_RELEASE,4,LAUNCHBOX_GAMES_DB | STEAM_STORE | WIKIDATA | WIKIPEDIA_PS4_LIST,B_OTHER_PLATFORM | B_PS4_RELEASE | C_DISCOVERY,https://en.wikipedia.org/wiki/List_of_PlayStation_4_games_(M%E2%80%93Z) | https://store.steampowered.com/app/840720 | https://www.wikidata.org/wiki/Q21039919 | https://gamesdb.launchbox-app.com/games/details/30640,"La lista específica de PS4 atribuye el desarrollo a esta compañía. | La ficha comercial de Steam confirma la desarrolladora de la obra, no necesariamente el port de PS4. | Wikidata registra la compañía como desarrolladora. | LaunchBox registra esta desarrolladora para su ficha de PS4.",No propagar a ports o compilaciones sin comprobar sus créditos propios.,,CUSA02763_00,CUSA02763_00,HIGH_REPLACEMENT_BLOCKED
ps4-tales-of-arise,Tales of Arise,PAL España,standard,tales of arise,tales of arise,GAME_OR_UNKNOWN,DEVELOPER,developer,Bandai Namco Studios,bandai-namco-studios,Bandai Namco Studios | Bandai Namco Studios Inc.,EXACT_NAME_OR_ALIAS,Namco Tales Studio,REPLACE_OR_ADD_REVIEW,HIGH,NO,EXACT_PHYSICAL_EDITION | GAME_WORK | GAME_WORK_OR_PS4_RELEASE,3,PRICECHARTING_EXACT_PAL_PAGE | STEAM_STORE | WIKIPEDIA_PS4_LIST,B_EXACT_PHYSICAL | B_OTHER_PLATFORM | B_PS4_RELEASE,https://www.pricecharting.com/game/pal-playstation-4/tales-of-arise | https://en.wikipedia.org/wiki/List_of_PlayStation_4_games_(M%E2%80%93Z) | https://store.steampowered.com/app/740130,"La ficha enlazada de la edición física PAL atribuye el desarrollo a esta compañía. | La lista específica de PS4 atribuye el desarrollo a esta compañía. | La ficha comercial de Steam confirma la desarrolladora de la obra, no necesariamente el port de PS4.",No propagar a ports o compilaciones sin comprobar sus créditos propios.,,CUSA17087_00,,HIGH_REPLACEMENT_BLOCKED
ps4-tales-of-vesperia-definitive-edition,Tales of Vesperia Definitive Edition,PAL España,standard,tales of vesperia definitive edition,tales of vesperia,EDITION_VARIANT,PHYSICAL_PUBLISHER_OR_DISTRIBUTOR,publisher,Bandai Namco Entertainment Europe S.A.S.,bandai-namco-entertainment-europe-s-a-s,Bandai Namco Entertainment Europe S.A.S.,EXACT_NAME_OR_ALIAS,Namco Bandai Games,REPLACE_OR_ADD_REVIEW,HIGH,NO,EXACT_PHYSICAL_EDITION,1,PRICECHARTING_EXACT_PAL_PAGE,B_EXACT_PHYSICAL,https://www.pricecharting.com/game/pal-playstation-4/tales-of-vesperia-definitive-edition,La ficha exacta de la edición física PAL etiqueta a esta compañía como Publisher; puede representar publicación o distribución física.,Confirmar si la etiqueta Publisher representa publicación o distribución en la caja PAL.,,CUSA12287_00,CUSA12287_00,HIGH_REPLACEMENT_BLOCKED
ps4-tetris-effect,Tetris Effect,PAL España,standard,tetris effect,tetris effect,GAME_OR_UNKNOWN,PHYSICAL_PUBLISHER_OR_DISTRIBUTOR,publisher,Enhance Games,enhance-games,Enhance Games,EXACT_NAME_OR_ALIAS,Sony Interactive Entertainment,REPLACE_OR_ADD_REVIEW,HIGH,NO,EXACT_PHYSICAL_EDITION | PAL_RELEASE,2,PRICECHARTING_EXACT_PAL_PAGE | WIKIPEDIA_PS4_LIST_PAL,B_EXACT_PHYSICAL | B_PAL_RELEASE,https://www.pricecharting.com/game/pal-playstation-4/tetris-effect | https://en.wikipedia.org/wiki/List_of_PlayStation_4_games_(M%E2%80%93Z),La ficha exacta de la edición física PAL etiqueta a esta compañía como Publisher; puede representar publicación o distribución física. | La columna PAL de la lista de PS4 atribuye la publicación a esta compañía.,Confirmar si la etiqueta Publisher representa publicación o distribución en la caja PAL.,,CUSA13403_00,,HIGH_REPLACEMENT_BLOCKED
ps4-the-bard%27s-tale-iv-director%27s-cut,The Bard's Tale IV: Director's Cut,PAL España,standard,the bard s tale iv director s cut,the bard s tale iv,EDITION_VARIANT,DEVELOPER,developer,InXile Entertainment,inxile-entertainment,InXile Entertainment | inXile Entertainment,EXACT_NAME_OR_ALIAS,Inxile,REPLACE_OR_ADD_REVIEW,HIGH,NO,GAME_WORK | GAME_WORK_OR_PS4_RELEASE | PS4_RELEASE,3,LAUNCHBOX_GAMES_DB | STEAM_STORE | WIKIPEDIA_PS4_LIST,B_OTHER_PLATFORM | B_PS4_RELEASE | C_DISCOVERY,https://en.wikipedia.org/wiki/List_of_PlayStation_4_games_(A%E2%80%93L) | https://store.steampowered.com/app/1091980 | https://gamesdb.launchbox-app.com/games/details/210009,"La lista específica de PS4 atribuye el desarrollo a esta compañía. | La ficha comercial de Steam confirma la desarrolladora de la obra, no necesariamente el port de PS4. | LaunchBox registra esta desarrolladora para su ficha de PS4.",No propagar a ports o compilaciones sin comprobar sus créditos propios.,CUSA_STRONG_TITLE_REVIEW,CUSA16727_00,CUSA16727_00,IDENTIFIER_BLOCKED
ps4-the-caligula-effect-2,The Caligula Effect 2,PAL España,standard,the caligula effect 2,the caligula effect 2,GAME_OR_UNKNOWN,DEVELOPER,developer,historia Inc,historia-inc,Historia | historia Inc. | historia,EXACT_NAME_OR_ALIAS,Aquria,REPLACE_OR_ADD_REVIEW,HIGH,NO,GAME_WORK | GAME_WORK_OR_PS4_RELEASE | PS4_RELEASE,4,LAUNCHBOX_GAMES_DB | STEAM_STORE | WIKIDATA | WIKIPEDIA_PS4_LIST,B_OTHER_PLATFORM | B_PS4_RELEASE | C_DISCOVERY,https://en.wikipedia.org/wiki/List_of_PlayStation_4_games_(A%E2%80%93L) | https://store.steampowered.com/app/1933740 | https://www.wikidata.org/wiki/Q108841656 | https://gamesdb.launchbox-app.com/games/details/473039,"La lista específica de PS4 atribuye el desarrollo a esta compañía. | La ficha comercial de Steam confirma la desarrolladora de la obra, no necesariamente el port de PS4. | Wikidata registra la compañía como desarrolladora. | LaunchBox registra esta desarrolladora para su ficha de PS4.",No propagar a ports o compilaciones sin comprobar sus créditos propios.,,CUSA27397_00,CUSA27397_00,HIGH_REPLACEMENT_BLOCKED
ps4-the-house-of-the-dead-remake-limidead-edition,The House of the Dead Remake [Limidead Edition],PAL España,standard,the house of the dead remake,the house of the dead remake,GAME_OR_UNKNOWN,DEVELOPER,developer,MegaPixel Studio,megapixel-studio,MegaPixel Studio | MegaPixel Studio S. A.,EXACT_NAME_OR_ALIAS,Forever Entertainment,REPLACE_OR_ADD_REVIEW,HIGH,NO,GAME_WORK | GAME_WORK_OR_PS4_RELEASE,3,STEAM_STORE | WIKIDATA | WIKIPEDIA_PS4_LIST,B_OTHER_PLATFORM | B_PS4_RELEASE | C_DISCOVERY,https://en.wikipedia.org/wiki/List_of_PlayStation_4_games_(A%E2%80%93L) | https://store.steampowered.com/app/1694600 | https://www.wikidata.org/wiki/Q106513313,"La lista específica de PS4 atribuye el desarrollo a esta compañía. | La ficha comercial de Steam confirma la desarrolladora de la obra, no necesariamente el port de PS4. | Wikidata registra la compañía como desarrolladora.",No propagar a ports o compilaciones sin comprobar sus créditos propios.,,CUSA29480_00,CUSA29480_00,HIGH_REPLACEMENT_BLOCKED
ps4-the-legend-of-heroes-trails-beyond-the-horizon-deluxe-edition,The Legend Of Heroes: Trails Beyond The Horizon [Deluxe Edition],PAL España,standard,the legend of heroes trails beyond the horizon,the legend of heroes trails beyond the horizon,EDITION_VARIANT,DEVELOPER,developer,Nihon Falcom Corporation,nihon-falcom,Nihon Falcom,EXACT_NAME_OR_ALIAS,Falcom,REPLACE_OR_ADD_REVIEW,HIGH,NO,GAME_WORK | GAME_WORK_OR_PS4_RELEASE | PS4_RELEASE,3,LAUNCHBOX_GAMES_DB | STEAM_STORE | WIKIPEDIA_PS4_LIST,B_OTHER_PLATFORM | B_PS4_RELEASE | C_DISCOVERY,https://en.wikipedia.org/wiki/List_of_PlayStation_4_games_(A%E2%80%93L) | https://store.steampowered.com/app/3316940 | https://gamesdb.launchbox-app.com/games/details/476385,"La lista específica de PS4 atribuye el desarrollo a esta compañía. | La ficha comercial de Steam confirma la desarrolladora de la obra, no necesariamente el port de PS4. | LaunchBox registra esta desarrolladora para su ficha de PS4.",No propagar a ports o compilaciones sin comprobar sus créditos propios.,,CUSA51534_00,CUSA51534_00,HIGH_REPLACEMENT_BLOCKED
ps4-the-mooseman,The Mooseman,PAL España,standard,the mooseman,the mooseman,GAME_OR_UNKNOWN,DEVELOPER,developer,Morteshka,morteshka,Morteshka,EXACT_NAME_OR_ALIAS,Sometimes You,REPLACE_OR_ADD_REVIEW,HIGH,NO,GAME_WORK | GAME_WORK_OR_PS4_RELEASE,3,STEAM_STORE | WIKIDATA | WIKIPEDIA_PS4_LIST,B_OTHER_PLATFORM | B_PS4_RELEASE | C_DISCOVERY,https://en.wikipedia.org/wiki/List_of_PlayStation_4_games_(M%E2%80%93Z) | https://store.steampowered.com/app/574310 | https://www.wikidata.org/wiki/Q110419999,"La lista específica de PS4 atribuye el desarrollo a esta compañía. | La ficha comercial de Steam confirma la desarrolladora de la obra, no necesariamente el port de PS4. | Wikidata registra la compañía como desarrolladora.",No propagar a ports o compilaciones sin comprobar sus créditos propios.,,CUSA12159_00,,HIGH_REPLACEMENT_BLOCKED
ps4-the-persistence,The Persistence,PAL España,standard,the persistence,the persistence,GAME_OR_UNKNOWN,DEVELOPER,developer,Firesprite,firesprite,Firesprite | Firesprite Ltd,EXACT_NAME_OR_ALIAS,"Firesprite, Fabrik Games Ltd",REPLACE_OR_ADD_REVIEW,HIGH,NO,EXACT_PHYSICAL_EDITION | GAME_WORK | GAME_WORK_OR_PS4_RELEASE | PS4_RELEASE,5,LAUNCHBOX_GAMES_DB | PRICECHARTING_EXACT_PAL_PAGE | REGIONATLAS_LEGACY_PRICECHARTING_CREDIT | STEAM_STORE | WIKIPEDIA_PS4_LIST,B_EXACT_PHYSICAL | B_LEGACY_EXACT_PHYSICAL | B_OTHER_PLATFORM | B_PS4_RELEASE | C_DISCOVERY,https://www.pricecharting.com/game/pal-playstation-4/the-persistence | https://en.wikipedia.org/wiki/List_of_PlayStation_4_games_(M%E2%80%93Z) | https://store.steampowered.com/app/1140100 | https://gamesdb.launchbox-app.com/games/details/419573,"La ficha enlazada de la edición física PAL atribuye el desarrollo a esta compañía. | El crédito actual procede de la importación histórica de la ficha física enlazada; se contrasta con la consulta en vivo. | La lista específica de PS4 atribuye el desarrollo a esta compañía. | La ficha comercial de Steam confirma la desarrolladora de la obra, no necesariamente el port de PS4. | LaunchBox registra esta desarrolladora para su ficha de PS4.",No propagar a ports o compilaciones sin comprobar sus créditos propios.,,CUSA07814_00,CUSA07814_00,HIGH_REPLACEMENT_BLOCKED
ps4-the-sims-4,The Sims 4,PAL España,standard,the sims 4,the sims 4,GAME_OR_UNKNOWN,DEVELOPER,developer,Maxis,maxis,Maxis,EXACT_NAME_OR_ALIAS,EA Maxis,REPLACE_OR_ADD_REVIEW,HIGH,NO,GAME_WORK | GAME_WORK_OR_PS4_RELEASE | PS4_RELEASE,4,LAUNCHBOX_GAMES_DB | STEAM_STORE | WIKIDATA | WIKIPEDIA_PS4_LIST,B_OTHER_PLATFORM | B_PS4_RELEASE | C_DISCOVERY,https://en.wikipedia.org/wiki/List_of_PlayStation_4_games_(M%E2%80%93Z) | https://store.steampowered.com/app/1222670 | https://www.wikidata.org/wiki/Q12579896 | https://gamesdb.launchbox-app.com/games/details/193211,"La lista específica de PS4 atribuye el desarrollo a esta compañía. | La ficha comercial de Steam confirma la desarrolladora de la obra, no necesariamente el port de PS4. | Wikidata registra la compañía como desarrolladora. | LaunchBox registra esta desarrolladora para su ficha de PS4.",No propagar a ports o compilaciones sin comprobar sus créditos propios.,,CUSA09209_00,,HIGH_REPLACEMENT_BLOCKED
ps4-the-surge,The Surge,PAL España,standard,the surge,the surge,GAME_OR_UNKNOWN,DEVELOPER,developer,Deck13,deck13,Deck13,EXACT_NAME_OR_ALIAS,Deck 13,REPLACE_OR_ADD_REVIEW,HIGH,NO,GAME_WORK | GAME_WORK_OR_PS4_RELEASE,2,STEAM_STORE | WIKIPEDIA_PS4_LIST,B_OTHER_PLATFORM | B_PS4_RELEASE,https://en.wikipedia.org/wiki/List_of_PlayStation_4_games_(M%E2%80%93Z) | https://store.steampowered.com/app/378540,"La lista específica de PS4 atribuye el desarrollo a esta compañía. | La ficha comercial de Steam confirma la desarrolladora de la obra, no necesariamente el port de PS4.",No propagar a ports o compilaciones sin comprobar sus créditos propios.,,CUSA12564_00,,HIGH_REPLACEMENT_BLOCKED
ps4-toki,Toki,PAL España,standard,toki,toki,GAME_OR_UNKNOWN,DEVELOPER,developer,Microids,microids,Microids,EXACT_NAME_OR_ALIAS,Golgoth Studio,REPLACE_OR_ADD_REVIEW,HIGH,NO,GAME_WORK | GAME_WORK_OR_PS4_RELEASE | PS4_RELEASE,3,LAUNCHBOX_GAMES_DB | STEAM_STORE | WIKIPEDIA_PS4_LIST,B_OTHER_PLATFORM | B_PS4_RELEASE | C_DISCOVERY,https://en.wikipedia.org/wiki/List_of_PlayStation_4_games_(M%E2%80%93Z) | https://store.steampowered.com/app/1058320 | https://gamesdb.launchbox-app.com/games/details/210032,"La lista específica de PS4 atribuye el desarrollo a esta compañía. | La ficha comercial de Steam confirma la desarrolladora de la obra, no necesariamente el port de PS4. | LaunchBox registra esta desarrolladora para su ficha de PS4.",No propagar a ports o compilaciones sin comprobar sus créditos propios.,,,,HIGH_REPLACEMENT_BLOCKED
ps4-two-point-campus-enrollment-edition,Two Point Campus [Enrollment Edition],PAL España,standard,two point campus,two point campus,GAME_OR_UNKNOWN,DEVELOPER,developer,Two Point Studios,two-point-studios,Two Point Studios,EXACT_NAME_OR_ALIAS,Two Point,REPLACE_OR_ADD_REVIEW,HIGH,NO,GAME_WORK | GAME_WORK_OR_PS4_RELEASE,3,STEAM_STORE | WIKIDATA | WIKIPEDIA_PS4_LIST,B_OTHER_PLATFORM | B_PS4_RELEASE | C_DISCOVERY,https://en.wikipedia.org/wiki/List_of_PlayStation_4_games_(M%E2%80%93Z) | https://store.steampowered.com/app/1649080 | https://www.wikidata.org/wiki/Q108858817,"La lista específica de PS4 atribuye el desarrollo a esta compañía. | La ficha comercial de Steam confirma la desarrolladora de la obra, no necesariamente el port de PS4. | Wikidata registra la compañía como desarrolladora.",No propagar a ports o compilaciones sin comprobar sus créditos propios.,,CUSA24605_00,CUSA24605_00,HIGH_REPLACEMENT_BLOCKED
ps4-umihara-kawase-bazooka,Umihara Kawase Bazooka,PAL España,standard,umihara kawase bazooka,umihara kawase bazooka,GAME_OR_UNKNOWN,DEVELOPER,developer,Studio Saizensen,studio-saizensen,Studio Saizensen,EXACT_NAME_OR_ALIAS,Success,REPLACE_OR_ADD_REVIEW,HIGH,NO,GAME_WORK | GAME_WORK_OR_PS4_RELEASE,2,STEAM_STORE | WIKIPEDIA_PS4_LIST,B_OTHER_PLATFORM | B_PS4_RELEASE,https://en.wikipedia.org/wiki/List_of_PlayStation_4_games_(M%E2%80%93Z) | https://store.steampowered.com/app/1271620,"La lista específica de PS4 atribuye el desarrollo a esta compañía. | La ficha comercial de Steam confirma la desarrolladora de la obra, no necesariamente el port de PS4.",No propagar a ports o compilaciones sin comprobar sus créditos propios.,,CUSA18946_00,,HIGH_REPLACEMENT_BLOCKED
ps4-valkyria-chronicles-4,Valkyria Chronicles 4,PAL España,standard,valkyria chronicles 4,valkyria chronicles 4,GAME_OR_UNKNOWN,DEVELOPER,developer,Sega,sega,SEGA | Sega,EXACT_NAME_OR_ALIAS,"SEGA, Media.Vision",REPLACE_OR_ADD_REVIEW,HIGH,NO,EXACT_PHYSICAL_EDITION | GAME_WORK_OR_PS4_RELEASE | PS4_RELEASE,3,LAUNCHBOX_GAMES_DB | REGIONATLAS_LEGACY_PRICECHARTING_CREDIT | WIKIPEDIA_PS4_LIST,B_LEGACY_EXACT_PHYSICAL | B_PS4_RELEASE | C_DISCOVERY,https://www.pricecharting.com/game/pal-playstation-4/valkyria-chronicles-4 | https://en.wikipedia.org/wiki/List_of_PlayStation_4_games_(M%E2%80%93Z) | https://gamesdb.launchbox-app.com/games/details/155850,El crédito actual procede de la importación histórica de la ficha física enlazada; se contrasta con la consulta en vivo. | La lista específica de PS4 atribuye el desarrollo a esta compañía. | LaunchBox registra esta desarrolladora para su ficha de PS4.,No propagar a ports o compilaciones sin comprobar sus créditos propios.,,CUSA09979_00,,HIGH_REPLACEMENT_BLOCKED
ps4-vampyr,Vampyr,PAL España,standard,vampyr,vampyr,GAME_OR_UNKNOWN,DEVELOPER,developer,DONTNOD Entertainment,dontnod-entertainment,DONTNOD Entertainment | Dontnod Entertainment,EXACT_NAME_OR_ALIAS,Don't Nod,REPLACE_OR_ADD_REVIEW,HIGH,NO,GAME_WORK | GAME_WORK_OR_PS4_RELEASE | MATCHED_PS4_PRODUCT | PS4_RELEASE,4,LAUNCHBOX_GAMES_DB | PLAYSTATION_STORE_EXPLICIT_CREDIT | STEAM_STORE | WIKIPEDIA_PS4_LIST,A_OFFICIAL_MATCHED_TITLE_CREDIT | B_OTHER_PLATFORM | B_PS4_RELEASE | C_DISCOVERY,https://store.playstation.com/es-es/product/EP4133-CUSA03468_00-000000VAMPYRGAME | https://en.wikipedia.org/wiki/List_of_PlayStation_4_games_(M%E2%80%93Z) | https://store.steampowered.com/app/427290 | https://gamesdb.launchbox-app.com/games/details/193217,"developed by DONTNOD Entertainment and published by Focus Home Interactive | La lista específica de PS4 atribuye el desarrollo a esta compañía. | La ficha comercial de Steam confirma la desarrolladora de la obra, no necesariamente el port de PS4. | LaunchBox registra esta desarrolladora para su ficha de PS4.",No propagar a ports o compilaciones sin comprobar sus créditos propios.,,CUSA03293_00,,HIGH_REPLACEMENT_BLOCKED
ps4-wasteland-3-day-one-edition,Wasteland 3: Day One Edition,PAL España,standard,wasteland 3,wasteland 3 day one edition,EDITION_VARIANT,DEVELOPER,developer,InXile Entertainment,inxile-entertainment,inXile entertainment Inc | inXile Entertainment | inXile entertainment,EXACT_NAME_OR_ALIAS,InExile,REPLACE_OR_ADD_REVIEW,HIGH,NO,GAME_WORK | GAME_WORK_OR_PS4_RELEASE | MATCHED_PS4_PRODUCT | PS4_RELEASE,5,LAUNCHBOX_GAMES_DB | PLAYSTATION_STORE_EXPLICIT_CREDIT | STEAM_STORE | WIKIDATA | WIKIPEDIA_PS4_LIST,A_OFFICIAL_MATCHED_TITLE_CREDIT | B_OTHER_PLATFORM | B_PS4_RELEASE | C_DISCOVERY,https://store.playstation.com/es-es/product/EP4062-CUSA13339_00-WL3EUDEEPS000000 | https://en.wikipedia.org/wiki/List_of_PlayStation_4_games_(M%E2%80%93Z) | https://store.steampowered.com/app/719040 | https://www.wikidata.org/wiki/Q27943180 | https://gamesdb.launchbox-app.com/games/details/208667,"Developed by inXile entertainment, Inc | La lista específica de PS4 atribuye el desarrollo a esta compañía. | La ficha comercial de Steam confirma la desarrolladora de la obra, no necesariamente el port de PS4. | Wikidata registra la compañía como desarrolladora. | LaunchBox registra esta desarrolladora para su ficha de PS4.",No propagar a ports o compilaciones sin comprobar sus créditos propios.,,,,HIGH_REPLACEMENT_BLOCKED
ps4-windjammers-2,Windjammers 2,PAL España,standard,windjammers 2,windjammers 2,GAME_OR_UNKNOWN,DEVELOPER,developer,DotEmu,dotemu,DotEmu | Dotemu,EXACT_NAME_OR_ALIAS,Dot Emu,REPLACE_OR_ADD_REVIEW,HIGH,NO,GAME_WORK | GAME_WORK_OR_PS4_RELEASE | PS4_RELEASE,4,LAUNCHBOX_GAMES_DB | STEAM_STORE | WIKIDATA | WIKIPEDIA_PS4_LIST,B_OTHER_PLATFORM | B_PS4_RELEASE | C_DISCOVERY,https://en.wikipedia.org/wiki/List_of_PlayStation_4_games_(M%E2%80%93Z) | https://store.steampowered.com/app/1114290 | https://www.wikidata.org/wiki/Q61240341 | https://gamesdb.launchbox-app.com/games/details/424731,"La lista específica de PS4 atribuye el desarrollo a esta compañía. | La ficha comercial de Steam confirma la desarrolladora de la obra, no necesariamente el port de PS4. | Wikidata registra la compañía como desarrolladora. | LaunchBox registra esta desarrolladora para su ficha de PS4.",No propagar a ports o compilaciones sin comprobar sus créditos propios.,,CUSA15634_00,,HIGH_REPLACEMENT_BLOCKED
ps4-yakuza-kiwami,Yakuza Kiwami,PAL España,standard,yakuza kiwami,yakuza kiwami,GAME_OR_UNKNOWN,DEVELOPER,developer,Ryu Ga Gotoku Studio,ryu-ga-gotoku-studio,Ryu Ga Gotoku Studio | Ryu ga Gotoku Studio,EXACT_NAME_OR_ALIAS,Ryuu ga Gotoku Studio,REPLACE_OR_ADD_REVIEW,HIGH,NO,EXACT_PHYSICAL_EDITION | GAME_WORK | GAME_WORK_OR_PS4_RELEASE | PS4_RELEASE,4,LAUNCHBOX_GAMES_DB | PRICECHARTING_EXACT_PAL_PAGE | STEAM_STORE | WIKIPEDIA_PS4_LIST,B_EXACT_PHYSICAL | B_OTHER_PLATFORM | B_PS4_RELEASE | C_DISCOVERY,https://www.pricecharting.com/game/pal-playstation-4/yakuza-kiwami | https://en.wikipedia.org/wiki/List_of_PlayStation_4_games_(M%E2%80%93Z) | https://store.steampowered.com/app/3717330 | https://gamesdb.launchbox-app.com/games/details/132728,"La ficha enlazada de la edición física PAL atribuye el desarrollo a esta compañía. | La lista específica de PS4 atribuye el desarrollo a esta compañía. | La ficha comercial de Steam confirma la desarrolladora de la obra, no necesariamente el port de PS4. | LaunchBox registra esta desarrolladora para su ficha de PS4.",No propagar a ports o compilaciones sin comprobar sus créditos propios.,,CUSA07615_00,CUSA07615_00,HIGH_REPLACEMENT_BLOCKED
ps4-yakuza-kiwami,Yakuza Kiwami,PAL España,standard,yakuza kiwami,yakuza kiwami,GAME_OR_UNKNOWN,PHYSICAL_PUBLISHER_OR_DISTRIBUTOR,publisher,Deep SIlver,deep-silver,Deep Silver,EXACT_NAME_OR_ALIAS,Sega,REPLACE_OR_ADD_REVIEW,HIGH,NO,EXACT_PHYSICAL_EDITION,1,PRICECHARTING_EXACT_PAL_PAGE,B_EXACT_PHYSICAL,https://www.pricecharting.com/game/pal-playstation-4/yakuza-kiwami,La ficha exacta de la edición física PAL etiqueta a esta compañía como Publisher; puede representar publicación o distribución física.,Confirmar si la etiqueta Publisher representa publicación o distribución en la caja PAL.,,CUSA07615_00,CUSA07615_00,HIGH_REPLACEMENT_BLOCKED
ps4-yakuza-kiwami-2,Yakuza Kiwami 2,PAL España,standard,yakuza kiwami 2,yakuza kiwami 2,GAME_OR_UNKNOWN,DEVELOPER,developer,Ryu Ga Gotoku Studio,ryu-ga-gotoku-studio,Ryu Ga Gotoku Studio | Ryu ga Gotoku Studio,EXACT_NAME_OR_ALIAS,Ryuu ga Gotoku Studio,REPLACE_OR_ADD_REVIEW,HIGH,NO,GAME_WORK | GAME_WORK_OR_PS4_RELEASE | PS4_RELEASE,3,LAUNCHBOX_GAMES_DB | STEAM_STORE | WIKIPEDIA_PS4_LIST,B_OTHER_PLATFORM | B_PS4_RELEASE | C_DISCOVERY,https://en.wikipedia.org/wiki/List_of_PlayStation_4_games_(M%E2%80%93Z) | https://store.steampowered.com/app/3717340 | https://gamesdb.launchbox-app.com/games/details/135649,"La lista específica de PS4 atribuye el desarrollo a esta compañía. | La ficha comercial de Steam confirma la desarrolladora de la obra, no necesariamente el port de PS4. | LaunchBox registra esta desarrolladora para su ficha de PS4.",No propagar a ports o compilaciones sin comprobar sus créditos propios.,,CUSA08776_00,,HIGH_REPLACEMENT_BLOCKED
