catalog_id,title,target_field,role,candidate_slugs,candidate_companies,confidence_levels,group_row_count,conflict_reason,source_urls
ps4-adventures-of-chris,Adventures of Chris,publisher,PHYSICAL_PUBLISHER_OR_DISTRIBUTOR,graffiti-games | red-art-games,Graffiti Games | Red Art Games,HIGH,2,MULTIPLE_HIGH_COMPANIES,https://www.pricecharting.com/game/pal-playstation-4/adventures-of-chris
ps4-alex-kidd-in-miracle-world-dx,Alex Kidd in Miracle World DX,developer,DEVELOPER,jankenteam | merge-games,Jankenteam | Merge Games,HIGH,2,MULTIPLE_HIGH_COMPANIES,https://en.wikipedia.org/wiki/List_of_PlayStation_4_games_(A%E2%80%93L) | https://gamesdb.launchbox-app.com/games/details/202803 | https://store.steampowered.com/app/1333470 | https://www.pricecharting.com/game/pal-playstation-4/alex-kidd-in-miracle-world-dx | https://www.wikidata.org/wiki/Q96743139
ps4-alex-kidd-in-miracle-world-dx-signature-edition,Alex Kidd in Miracle World DX [Signature Edition],developer,DEVELOPER,jankenteam | merge-games,Jankenteam | Merge Games,HIGH,2,MULTIPLE_HIGH_COMPANIES,https://en.wikipedia.org/wiki/List_of_PlayStation_4_games_(A%E2%80%93L) | https://gamesdb.launchbox-app.com/games/details/202803 | https://store.steampowered.com/app/1333470 | https://www.pricecharting.com/game/pal-playstation-4/alex-kidd-in-miracle-world-dx-signature-edition | https://www.wikidata.org/wiki/Q96743139
ps4-borderlands-3,Borderlands 3,publisher,PHYSICAL_PUBLISHER_OR_DISTRIBUTOR,2k-games | take-two-interactive-software,2K Games | Take-Two Interactive Software Europe Ltd,HIGH,2,MULTIPLE_HIGH_COMPANIES,https://en.wikipedia.org/wiki/List_of_PlayStation_4_games_(A%E2%80%93L) | https://www.pricecharting.com/game/pal-playstation-4/borderlands-3
ps4-bound-by-flame,Bound by Flame,developer,DEVELOPER,spiders | spiders-studios,Spiders | Spiders Studios,HIGH,2,MULTIPLE_HIGH_COMPANIES,https://en.wikipedia.org/wiki/List_of_PlayStation_4_games_(A%E2%80%93L) | https://gamesdb.launchbox-app.com/games/details/20621 | https://store.playstation.com/es-es/product/EP4133-CUSA00303_00-BOUNDBYFLAMEGAME | https://store.steampowered.com/app/243930 | https://www.pricecharting.com/game/pal-playstation-4/bound-by-flame
ps4-call-of-cthulhu,Call of Cthulhu,developer,DEVELOPER,cyanide-sa | cyanide-studio,Cyanide SA | Cyanide Studio,HIGH | VERY_HIGH,2,MULTIPLE_HIGH_COMPANIES,https://store.playstation.com/es-es/product/EP4133-CUSA04850_00-CALLOFCTHULHUXXX | https://store.steampowered.com/app/399810 | https://www.pricecharting.com/game/pal-playstation-4/call-of-cthulhu
ps4-call-of-duty-black-ops-6,Call Of Duty: Black Ops 6,developer,DEVELOPER,raven-software | treyarch,Raven Software | Treyarch Corporation,HIGH,2,MULTIPLE_HIGH_COMPANIES,https://en.wikipedia.org/wiki/List_of_PlayStation_4_games_(A%E2%80%93L) | https://gamesdb.launchbox-app.com/games/details/465983 | https://store.steampowered.com/app/2933620
ps4-call-of-duty-black-ops-7,Call Of Duty: Black Ops 7,developer,DEVELOPER,raven-software | treyarch,Raven Software | Treyarch Corporation,HIGH,2,MULTIPLE_HIGH_COMPANIES,https://en.wikipedia.org/wiki/List_of_PlayStation_4_games_(A%E2%80%93L) | https://store.steampowered.com/app/3606480
ps4-call-of-duty-black-ops-7-steelbook-edition,Call Of Duty: Black Ops 7 [Steelbook Edition],developer,DEVELOPER,raven-software | treyarch,Raven Software | Treyarch Corporation,HIGH,2,MULTIPLE_HIGH_COMPANIES,https://en.wikipedia.org/wiki/List_of_PlayStation_4_games_(A%E2%80%93L) | https://store.steampowered.com/app/3606480
ps4-call-of-duty-black-ops-cold-war,Call of Duty: Black Ops Cold War,developer,DEVELOPER,raven-software | treyarch,Raven Software | Treyarch Corporation,HIGH,2,MULTIPLE_HIGH_COMPANIES,https://en.wikipedia.org/wiki/List_of_PlayStation_4_games_(A%E2%80%93L) | https://gamesdb.launchbox-app.com/games/details/207984 | https://store.steampowered.com/app/1985810
ps4-call-of-duty-vanguard,Call Of Duty: Vanguard,developer,DEVELOPER,sledgehammer-games | treyarch,Sledgehammer Games | Treyarch Corporation,HIGH,2,MULTIPLE_HIGH_COMPANIES,https://en.wikipedia.org/wiki/List_of_PlayStation_4_games_(A%E2%80%93L) | https://gamesdb.launchbox-app.com/games/details/207983 | https://store.steampowered.com/app/1985820 | https://www.pricecharting.com/game/pal-playstation-4/call-of-duty-vanguard
ps4-carnival-games,Carnival Games,developer,DEVELOPER,2k | cat-daddy-games,2k | Carnival Games | Cat Daddy Games | Mass Media Games Inc Take-Two Interactive Software,HIGH,4,MULTIPLE_HIGH_COMPANIES,https://store.playstation.com/es-es/product/EP1001-CUSA13873_00-BARKERBASEGAME00 | https://www.wikidata.org/wiki/Q108905849
ps4-chorus,Chorus,publisher,PHYSICAL_PUBLISHER_OR_DISTRIBUTOR,deep-silver | koch-media,Deep SIlver | KOCH Media,HIGH,2,MULTIPLE_HIGH_COMPANIES,https://www.pricecharting.com/game/pal-playstation-4/chorus
ps4-coffee-talk,Coffee Talk,publisher,PHYSICAL_PUBLISHER_OR_DISTRIBUTOR,strictly-limited-games | united-games-entertainment-gmbh,Strictly Limited Games | United Games Entertainment GmbH,HIGH,2,MULTIPLE_HIGH_COMPANIES,https://www.pricecharting.com/game/pal-playstation-4/coffee-talk
ps4-cyberdimension-neptunia-4-goddesses-online,Cyberdimension Neptunia: 4 Goddesses Online,developer,DEVELOPER,idea-factory | tamsoft,"Compile Heart | Idea Factory Co., Ltd. | Tamsoft Corporation",HIGH,3,MULTIPLE_HIGH_COMPANIES,https://en.wikipedia.org/wiki/List_of_PlayStation_4_games_(A%E2%80%93L) | https://gamesdb.launchbox-app.com/games/details/136070 | https://store.steampowered.com/app/632350 | https://www.pricecharting.com/game/pal-playstation-4/cyberdimension-neptunia-4-goddesses-online | https://www.wikidata.org/wiki/Q28686224
ps4-ender-lilies-quietus-of-the-knights,Ender Lilies Quietus Of The Knights,developer,DEVELOPER,adglobe | live-wire,Adglobe | Live Wire,HIGH,2,MULTIPLE_HIGH_COMPANIES,https://en.wikipedia.org/wiki/List_of_PlayStation_4_games_(A%E2%80%93L) | https://gamesdb.launchbox-app.com/games/details/463152 | https://store.steampowered.com/app/1369630 | https://www.wikidata.org/wiki/Q105768610
ps4-farmer%27s-dynasty,Farmer's Dynasty,publisher,PHYSICAL_PUBLISHER_OR_DISTRIBUTOR,nacon | toplitz-productions,Bigben Interactive | Nacon | Toplitz Productions,HIGH,3,MULTIPLE_HIGH_COMPANIES,https://www.pricecharting.com/game/pal-playstation-4/farmer%27s-dynasty
ps4-garou-mark-of-the-wolves-collector%27s-edition,Garou Mark of the Wolves [Collector's Edition],developer,DEVELOPER,code-mystics | snk,Code Mystics | SNK Corporation,HIGH,2,MULTIPLE_HIGH_COMPANIES,https://en.wikipedia.org/wiki/List_of_PlayStation_4_games_(A%E2%80%93L) | https://gamesdb.launchbox-app.com/games/details/211125 | https://store.steampowered.com/app/366240 | https://www.pricecharting.com/game/pal-playstation-4/garou-mark-of-the-wolves-collector%27s-edition | https://www.wikidata.org/wiki/Q1343613
ps4-garou-mark-of-the-wolves-ultimate-grant-edition,Garou Mark of the Wolves [Ultimate Grant Edition],developer,DEVELOPER,code-mystics | snk,Code Mystics | SNK Corporation,HIGH,2,MULTIPLE_HIGH_COMPANIES,https://en.wikipedia.org/wiki/List_of_PlayStation_4_games_(A%E2%80%93L) | https://gamesdb.launchbox-app.com/games/details/211125 | https://store.steampowered.com/app/366240 | https://www.pricecharting.com/game/pal-playstation-4/garou-mark-of-the-wolves-ultimate-grant-edition | https://www.wikidata.org/wiki/Q1343613
ps4-ghostbusters-the-video-game-remastered,Ghostbusters: The Video Game Remastered,developer,DEVELOPER,saber-interactive | terminal-reality,Saber Interactive Inc | Terminal Reality,HIGH,2,MULTIPLE_HIGH_COMPANIES,https://en.wikipedia.org/wiki/List_of_PlayStation_4_games_(A%E2%80%93L) | https://gamesdb.launchbox-app.com/games/details/171559 | https://store.playstation.com/es-es/product/EP2609-CUSA15558_00-GHOSTBUSTERSEU19 | https://store.steampowered.com/app/1449280 | https://www.pricecharting.com/game/pal-playstation-4/ghostbusters-the-video-game-remastered | https://www.wikidata.org/wiki/Q64210903
ps4-horizon-forbidden-west,Horizon Forbidden West,developer,DEVELOPER,guerrilla | guerrilla-games,Guerrilla | Guerrilla Games,HIGH | VERY_HIGH,2,MULTIPLE_HIGH_COMPANIES,https://en.wikipedia.org/wiki/List_of_PlayStation_4_games_(A%E2%80%93L) | https://store.playstation.com/es-es/product/EP9000-CUSA24705_00-FORBIDDENWESTPS4 | https://www.pricecharting.com/game/pal-playstation-4/horizon-forbidden-west
ps4-horizon-forbidden-west-special-edition,Horizon Forbidden West [Special Edition],developer,DEVELOPER,guerrilla | guerrilla-games,Guerrilla | Guerrilla Games,HIGH,2,MULTIPLE_HIGH_COMPANIES,https://en.wikipedia.org/wiki/List_of_PlayStation_4_games_(A%E2%80%93L) | https://store.playstation.com/es-es/product/EP9000-CUSA24705_00-FORBIDDENWESTPS4 | https://www.pricecharting.com/game/pal-playstation-4/horizon-forbidden-west-special-edition
ps4-infernax,Infernax,publisher,PHYSICAL_PUBLISHER_OR_DISTRIBUTOR,merge-games | the-arcade-crew,Merge Games | The Arcade Crew,HIGH,2,MULTIPLE_HIGH_COMPANIES,https://en.wikipedia.org/wiki/List_of_PlayStation_4_games_(A%E2%80%93L) | https://www.pricecharting.com/game/pal-playstation-4/infernax
ps4-injustice-gods-among-us-ultimate-edition,Injustice: Gods Among Us [Ultimate Edition],developer,DEVELOPER,high-voltage-software | netherrealm-studios,High Voltage Software | NetherRealm Studios,HIGH,2,MULTIPLE_HIGH_COMPANIES,https://en.wikipedia.org/wiki/List_of_PlayStation_4_games_(A%E2%80%93L) | https://gamesdb.launchbox-app.com/games/details/18420 | https://store.playstation.com/es-es/product/EP1018-CUSA00051_00-INJUSTICEULTIMAT | https://store.steampowered.com/app/242700 | https://www.pricecharting.com/game/pal-playstation-4/injustice-gods-among-us-ultimate-edition
ps4-john-wick-hex,John Wick HEX,publisher,PHYSICAL_PUBLISHER_OR_DISTRIBUTOR,good-shepherd-entertainment | lionsgate-games,Good Shepherd Entertainment | Lionsgate Games,HIGH,2,MULTIPLE_HIGH_COMPANIES,https://en.wikipedia.org/wiki/List_of_PlayStation_4_games_(A%E2%80%93L) | https://www.pricecharting.com/game/pal-playstation-4/john-wick-hex
ps4-killzone-shadow-fall,Killzone Shadow Fall,developer,DEVELOPER,guerrilla | guerrilla-games,Guerrilla | Guerrilla Games,HIGH | VERY_HIGH,2,MULTIPLE_HIGH_COMPANIES,https://en.wikipedia.org/wiki/List_of_PlayStation_4_games_(A%E2%80%93L) | https://gamesdb.launchbox-app.com/games/details/18223 | https://store.playstation.com/es-es/product/EP9000-CUSA00002_00-KZ4RELEASE000041 | https://www.pricecharting.com/game/pal-playstation-4/killzone-shadow-fall | https://www.wikidata.org/wiki/Q5087859
ps4-let%27s-sing-2019,Let's Sing 2019,publisher,PHYSICAL_PUBLISHER_OR_DISTRIBUTOR,plug-in-digital | ravenscourt,Plug In Digital | Ravenscourt,HIGH,2,MULTIPLE_HIGH_COMPANIES,https://www.pricecharting.com/game/pal-playstation-4/let%27s-sing-2019
ps4-metal-gear-solid-v-the-phantom-pain-collector%27s-edition,Metal Gear Solid V: The Phantom Pain [Collector's Edition],developer,DEVELOPER,kojima-productions | konami-digital-entertainment,Kojima Productions | Konami Digital Entertainment,HIGH,2,MULTIPLE_HIGH_COMPANIES,https://en.wikipedia.org/wiki/List_of_PlayStation_4_games_(M%E2%80%93Z) | https://gamesdb.launchbox-app.com/games/details/32092 | https://store.playstation.com/es-es/product/EP0101-CUSA01154_00-MAINGAME00000000 | https://www.pricecharting.com/game/pal-playstation-4/metal-gear-solid-v-the-phantom-pain-collector%27s-edition
ps4-metal-gear-solid-v-the-phantom-pain-day-one-edition,Metal Gear Solid V: The Phantom Pain [Day One Edition],developer,DEVELOPER,kojima-productions | konami-digital-entertainment,Kojima Productions | Konami Digital Entertainment,HIGH,2,MULTIPLE_HIGH_COMPANIES,https://en.wikipedia.org/wiki/List_of_PlayStation_4_games_(M%E2%80%93Z) | https://store.playstation.com/es-es/product/EP0101-CUSA01154_00-MAINGAME00000000 | https://www.pricecharting.com/game/pal-playstation-4/metal-gear-solid-v-the-phantom-pain-day-one-edition
ps4-middle-earth-shadow-of-mordor,Middle-earth Shadow of Mordor,developer,DEVELOPER,monolith | monolith-productions,Monolith | Monolith Productions,HIGH,2,MULTIPLE_HIGH_COMPANIES,https://en.wikipedia.org/wiki/List_of_PlayStation_4_games_(M%E2%80%93Z) | https://gamesdb.launchbox-app.com/games/details/21400 | https://store.playstation.com/es-es/product/EP1018-CUSA00053_00-SHADOWOFMORDOR01 | https://store.steampowered.com/app/241930 | https://www.wikidata.org/wiki/Q15709637
ps4-middle-earth-shadow-of-mordor-playstation-hits,Middle-Earth: Shadow Of Mordor [Playstation Hits],developer,DEVELOPER,monolith | monolith-productions,Monolith | Monolith Productions,HIGH,2,MULTIPLE_HIGH_COMPANIES,https://en.wikipedia.org/wiki/List_of_PlayStation_4_games_(M%E2%80%93Z) | https://gamesdb.launchbox-app.com/games/details/21400 | https://store.playstation.com/es-es/product/EP1018-CUSA00053_00-SHADOWOFMORDOR01 | https://store.steampowered.com/app/241930 | https://www.pricecharting.com/game/pal-playstation-4/middle-earth-shadow-of-mordor-playstation-hits | https://www.wikidata.org/wiki/Q15709637
ps4-middle-earth-shadow-of-mordor-steelbook-edition,Middle Earth: Shadow Of Mordor [Steelbook Edition],developer,DEVELOPER,monolith | monolith-productions,Monolith | Monolith Productions,HIGH,2,MULTIPLE_HIGH_COMPANIES,https://en.wikipedia.org/wiki/List_of_PlayStation_4_games_(M%E2%80%93Z) | https://gamesdb.launchbox-app.com/games/details/21400 | https://store.playstation.com/es-es/product/EP1018-CUSA00053_00-SHADOWOFMORDOR01 | https://store.steampowered.com/app/241930 | https://www.pricecharting.com/game/pal-playstation-4/middle-earth-shadow-of-mordor-steelbook-edition | https://www.wikidata.org/wiki/Q15709637
ps4-neptunia-x-senran-kagura-ninja-wars,Neptunia x Senran Kagura: Ninja Wars,developer,DEVELOPER,idea-factory | tamsoft,"Idea Factory Co., Ltd. | Tamsoft Corporation",HIGH,2,MULTIPLE_HIGH_COMPANIES,https://en.wikipedia.org/wiki/List_of_PlayStation_4_games_(M%E2%80%93Z) | https://gamesdb.launchbox-app.com/games/details/209697 | https://store.steampowered.com/app/1836860 | https://www.pricecharting.com/game/pal-playstation-4/neptunia-x-senran-kagura-ninja-wars | https://www.wikidata.org/wiki/Q109595592
ps4-neptunia-x-senran-kagura-ninja-wars-day-one-edition,Neptunia x Senran Kagura: Ninja Wars [Day One Edition],developer,DEVELOPER,idea-factory | tamsoft,"Idea Factory Co., Ltd. | Tamsoft Corporation",HIGH,2,MULTIPLE_HIGH_COMPANIES,https://en.wikipedia.org/wiki/List_of_PlayStation_4_games_(M%E2%80%93Z) | https://gamesdb.launchbox-app.com/games/details/209697 | https://store.steampowered.com/app/1836860 | https://www.pricecharting.com/game/pal-playstation-4/neptunia-x-senran-kagura-ninja-wars-day-one-edition | https://www.wikidata.org/wiki/Q109595592
ps4-rage-2,Rage 2,developer,DEVELOPER,avalanche-studios | id-software,Avalanche Studios | Id Software,HIGH,2,MULTIPLE_HIGH_COMPANIES,https://en.wikipedia.org/wiki/List_of_PlayStation_4_games_(M%E2%80%93Z) | https://gamesdb.launchbox-app.com/games/details/167867 | https://store.steampowered.com/app/548570 | https://www.pricecharting.com/game/pal-playstation-4/rage-2 | https://www.wikidata.org/wiki/Q54935246
ps4-rage-2,Rage 2,publisher,PHYSICAL_PUBLISHER_OR_DISTRIBUTOR,bethesda-softworks | zenimax-media-inc,Bethesda Softworks | ZeniMax Media Inc.,HIGH,2,MULTIPLE_HIGH_COMPANIES,https://en.wikipedia.org/wiki/List_of_PlayStation_4_games_(M%E2%80%93Z) | https://www.pricecharting.com/game/pal-playstation-4/rage-2
ps4-rage-2-collector%27s-edition,Rage 2 [Collector's Edition],developer,DEVELOPER,avalanche-studios | id-software,Avalanche Studios | Id Software,HIGH,2,MULTIPLE_HIGH_COMPANIES,https://en.wikipedia.org/wiki/List_of_PlayStation_4_games_(M%E2%80%93Z) | https://gamesdb.launchbox-app.com/games/details/167867 | https://store.steampowered.com/app/548570 | https://www.pricecharting.com/game/pal-playstation-4/rage-2-collector%27s-edition | https://www.wikidata.org/wiki/Q54935246
ps4-ray%27z-arcade-chronology-limited-edition,Ray'z Arcade Chronology: Limited Edition,publisher,PHYSICAL_PUBLISHER_OR_DISTRIBUTOR,strictly-limited-games | taito,Strictly Limited Games | Taito Corporation,HIGH,2,MULTIPLE_HIGH_COMPANIES,https://www.pricecharting.com/game/pal-playstation-4/ray%27z-arcade-chronology-limited-edition
ps4-red-dead-redemption,Red Dead Redemption,developer,DEVELOPER,double-eleven | rockstar-san-diego,Double Eleven | Rockstar San Diego,HIGH,2,MULTIPLE_HIGH_COMPANIES,https://en.wikipedia.org/wiki/List_of_PlayStation_4_games_(M%E2%80%93Z) | https://gamesdb.launchbox-app.com/games/details/442207 | https://store.steampowered.com/app/2668510 | https://www.pricecharting.com/game/pal-playstation-4/red-dead-redemption
ps4-shadow-of-the-colossus,Shadow of the Colossus,developer,DEVELOPER,bluepoint-games | japan-studio | sie-japan-studio,Bluepoint Games | JAPAN Studio | SIE Japan Studio,HIGH | VERY_HIGH,3,MULTIPLE_HIGH_COMPANIES,https://en.wikipedia.org/wiki/List_of_PlayStation_4_games_(M%E2%80%93Z) | https://gamesdb.launchbox-app.com/games/details/129103 | https://store.playstation.com/es-es/product/EP9000-CUSA08809_00-SOTC0000000000EU | https://www.pricecharting.com/game/pal-playstation-4/shadow-of-the-colossus
ps4-shadow-of-the-colossus-only-on-playstation,Shadow Of The Colossus [Only On PlayStation],developer,DEVELOPER,bluepoint-games | sie-japan-studio,Bluepoint Games | SIE Japan Studio,HIGH,2,MULTIPLE_HIGH_COMPANIES,https://gamesdb.launchbox-app.com/games/details/129103 | https://store.playstation.com/es-es/product/EP9000-CUSA08809_00-SOTC0000000000EU | https://www.pricecharting.com/game/pal-playstation-4/shadow-of-the-colossus-only-on-playstation
ps4-shadow-of-the-tomb-raider-croft-edition,Shadow of The Tomb Raider [Croft Edition],developer,DEVELOPER,crystal-dynamics | eidos-interactive,Crystal Dynamics | Eidos Interactive,HIGH,2,MULTIPLE_HIGH_COMPANIES,https://en.wikipedia.org/wiki/List_of_PlayStation_4_games_(M%E2%80%93Z) | https://gamesdb.launchbox-app.com/games/details/155791 | https://store.playstation.com/es-es/product/EP0082-CUSA10872_00-SHADOWTOMBRAIDER | https://www.pricecharting.com/game/pal-playstation-4/shadow-of-the-tomb-raider-croft-edition | https://www.wikidata.org/wiki/Q50562677
ps4-shadow-of-the-tomb-raider-definitive-edition,Shadow of the Tomb Raider [Definitive Edition],developer,DEVELOPER,crystal-dynamics | eidos-interactive | eidos-montreal,Crystal Dynamics | Eidos Interactive | Eidos Montreal,HIGH,3,MULTIPLE_HIGH_COMPANIES,https://en.wikipedia.org/wiki/List_of_PlayStation_4_games_(M%E2%80%93Z) | https://gamesdb.launchbox-app.com/games/details/155791 | https://store.playstation.com/es-es/product/EP0082-CUSA10872_00-SHADOWTOMBRAIDER | https://store.steampowered.com/app/849178 | https://www.pricecharting.com/game/pal-playstation-4/shadow-of-the-tomb-raider-definitive-edition | https://www.wikidata.org/wiki/Q50562677
ps4-shadow-of-the-tomb-raider-limited-steelbook-edition,Shadow Of The Tomb Raider [Limited Steelbook Edition],developer,DEVELOPER,crystal-dynamics | eidos-interactive,Crystal Dynamics | Eidos Interactive,HIGH,2,MULTIPLE_HIGH_COMPANIES,https://en.wikipedia.org/wiki/List_of_PlayStation_4_games_(M%E2%80%93Z) | https://gamesdb.launchbox-app.com/games/details/155791 | https://store.playstation.com/es-es/product/EP0082-CUSA10872_00-SHADOWTOMBRAIDER | https://www.pricecharting.com/game/pal-playstation-4/shadow-of-the-tomb-raider-limited-steelbook-edition | https://www.wikidata.org/wiki/Q50562677
ps4-shadow-of-the-tomb-raider-ultimate-edition,Shadow Of The Tomb Raider [Ultimate Edition],developer,DEVELOPER,crystal-dynamics | eidos-interactive,Crystal Dynamics | Eidos Interactive,HIGH,2,MULTIPLE_HIGH_COMPANIES,https://en.wikipedia.org/wiki/List_of_PlayStation_4_games_(M%E2%80%93Z) | https://gamesdb.launchbox-app.com/games/details/155791 | https://store.playstation.com/es-es/product/EP0082-CUSA10872_00-SHADOWTOMBRAIDER | https://www.wikidata.org/wiki/Q50562677
ps4-shenmue-iii,Shenmue III,publisher,PHYSICAL_PUBLISHER_OR_DISTRIBUTOR,deep-silver | koch-media,Deep SIlver | KOCH Media,HIGH,2,MULTIPLE_HIGH_COMPANIES,https://en.wikipedia.org/wiki/List_of_PlayStation_4_games_(M%E2%80%93Z) | https://www.pricecharting.com/game/pal-playstation-4/shenmue-iii
ps4-smelter,Smelter,publisher,PHYSICAL_PUBLISHER_OR_DISTRIBUTOR,dangen-entertainment | red-art-games,DANGEN Entertainment | Red Art Games,HIGH,2,MULTIPLE_HIGH_COMPANIES,https://en.wikipedia.org/wiki/List_of_PlayStation_4_games_(M%E2%80%93Z) | https://www.pricecharting.com/game/pal-playstation-4/smelter
ps4-space-hulk-deathwing-enhanced-edition,Space Hulk Deathwing Enhanced Edition,publisher,PHYSICAL_PUBLISHER_OR_DISTRIBUTOR,cyanide-studio | focus-home-interactive,Cyanide Studio | Focus Home Interactive,HIGH,2,MULTIPLE_HIGH_COMPANIES,https://www.pricecharting.com/game/pal-playstation-4/space-hulk-deathwing-enhanced-edition
ps4-spongebob-squarepants-battle-for-bikini-bottom-rehydrated-fun-edition,SpongeBob SquarePants Battle for Bikini Bottom Rehydrated [Fun Edition],developer,DEVELOPER,purple-lamp | purple-lamp-studios,Purple Lamp | Purple Lamp Studios,HIGH,2,MULTIPLE_HIGH_COMPANIES,https://en.wikipedia.org/wiki/List_of_PlayStation_4_games_(M%E2%80%93Z) | https://gamesdb.launchbox-app.com/games/details/184097 | https://store.playstation.com/es-es/product/EP4389-CUSA14909_00-SPONGEBOBBFBBEU0 | https://store.steampowered.com/app/969990 | https://www.pricecharting.com/game/pal-playstation-4/spongebob-squarepants-battle-for-bikini-bottom-rehydrated-fun-edition | https://www.wikidata.org/wiki/Q65156799
ps4-street-fighter-v-playstation-hits,Street Fighter V [Playstation Hits],developer,DEVELOPER,capcom | dimps-corporation,Capcom | Dimps Corporation,HIGH,2,MULTIPLE_HIGH_COMPANIES,https://en.wikipedia.org/wiki/List_of_PlayStation_4_games_(M%E2%80%93Z) | https://gamesdb.launchbox-app.com/games/details/31573 | https://store.steampowered.com/app/310950 | https://www.pricecharting.com/game/pal-playstation-4/street-fighter-v-playstation-hits | https://www.wikidata.org/wiki/Q18608589
ps4-streets-of-rage-4-anniversary-edition,Streets of Rage 4 [Anniversary Edition],developer,DEVELOPER,dotemu | lizardcube,DotEmu | Guard Crush Games | Lizardcube,HIGH,3,MULTIPLE_HIGH_COMPANIES,https://en.wikipedia.org/wiki/List_of_PlayStation_4_games_(M%E2%80%93Z) | https://gamesdb.launchbox-app.com/games/details/453459 | https://store.playstation.com/es-es/product/EP1470-CUSA16221_00-00STREETSOFRAGE4 | https://store.steampowered.com/app/985890 | https://www.pricecharting.com/game/pal-playstation-4/streets-of-rage-4-anniversary-edition | https://www.wikidata.org/wiki/Q56616859
ps4-streets-of-rage-4-signature-edition,Streets of Rage 4 [Signature Edition],developer,DEVELOPER,dotemu | lizardcube,DotEmu | Guard Crush Games | Lizardcube,HIGH,3,MULTIPLE_HIGH_COMPANIES,https://en.wikipedia.org/wiki/List_of_PlayStation_4_games_(M%E2%80%93Z) | https://store.playstation.com/es-es/product/EP1470-CUSA16221_00-00STREETSOFRAGE4 | https://store.steampowered.com/app/985890 | https://www.pricecharting.com/game/pal-playstation-4/streets-of-rage-4-signature-edition | https://www.wikidata.org/wiki/Q56616859
ps4-surviving-the-aftermath-day-one-edition,Surviving the Aftermath [Day One Edition],publisher,PHYSICAL_PUBLISHER_OR_DISTRIBUTOR,koch-media | paradox-interactive,KOCH Media | Paradox Interactive,HIGH,2,MULTIPLE_HIGH_COMPANIES,https://en.wikipedia.org/wiki/List_of_PlayStation_4_games_(M%E2%80%93Z) | https://www.pricecharting.com/game/pal-playstation-4/surviving-the-aftermath-day-one-edition
ps4-syndrome,Syndrome,developer,DEVELOPER,bigmoon-entertainment | camel-101,Bigmoon Entertainment | Camel 101,HIGH,2,MULTIPLE_HIGH_COMPANIES,https://gamesdb.launchbox-app.com/games/details/466457 | https://store.playstation.com/es-es/product/EP2643-CUSA06636_00-BGMNSYNDROME00UK | https://store.steampowered.com/app/409320 | https://www.pricecharting.com/game/pal-playstation-4/syndrome
ps4-the-council,The Council,developer,DEVELOPER,big-bad-wolf | cyanide-studio,Big Bad Wolf | Cyanide Studio,HIGH | VERY_HIGH,2,MULTIPLE_HIGH_COMPANIES,https://store.playstation.com/es-es/product/EP4133-CUSA10766_00-THECOUNCILEPISO1 | https://store.steampowered.com/app/287630 | https://www.pricecharting.com/game/pal-playstation-4/the-council
ps4-the-king%27s-bird,The King's Bird,publisher,PHYSICAL_PUBLISHER_OR_DISTRIBUTOR,graffiti-games | strictly-limited,Graffiti Games | Strictly Limited,HIGH,2,MULTIPLE_HIGH_COMPANIES,https://www.pricecharting.com/game/pal-playstation-4/the-king%27s-bird
ps4-the-persistence,The Persistence,publisher,PHYSICAL_PUBLISHER_OR_DISTRIBUTOR,firesprite | perpetual,Firesprite | Perpetual-Europe Ltd.,HIGH,2,MULTIPLE_HIGH_COMPANIES,https://en.wikipedia.org/wiki/List_of_PlayStation_4_games_(M%E2%80%93Z) | https://www.pricecharting.com/game/pal-playstation-4/the-persistence
ps4-the-survivalists,The Survivalists,developer,DEVELOPER,team17 | team17-digital-limited,Team17 | Team17 Digital Limited,HIGH | VERY_HIGH,2,MULTIPLE_HIGH_COMPANIES,https://en.wikipedia.org/wiki/List_of_PlayStation_4_games_(M%E2%80%93Z) | https://store.playstation.com/es-es/product/EP4064-CUSA16146_00-SURVIVALISTS0000 | https://store.steampowered.com/app/897450 | https://www.wikidata.org/wiki/Q99992123
ps4-tiny-troopers-joint-ops,Tiny Troopers: Joint Ops,publisher,PHYSICAL_PUBLISHER_OR_DISTRIBUTOR,play-it | system-3,Play It Ltd. | System 3,HIGH,2,MULTIPLE_HIGH_COMPANIES,https://www.pricecharting.com/game/pal-playstation-4/tiny-troopers-joint-ops
ps4-tour-de-france-2020,Tour De France 2020,developer,DEVELOPER,cyanide-sa | cyanide-studio,Cyanide SA | Cyanide Studio,HIGH | VERY_HIGH,2,MULTIPLE_HIGH_COMPANIES,https://en.wikipedia.org/wiki/List_of_PlayStation_4_games_(M%E2%80%93Z) | https://store.playstation.com/es-es/product/EP4008-CUSA18652_00-TDF20SIEE0000000 | https://store.steampowered.com/app/1287590
ps4-under-night-in-birth-exelate-st,Under Night In-Birth Exe:Late St,developer,DEVELOPER,arc-system-works | french-bread,Arc System Works | French Bread,HIGH,2,MULTIPLE_HIGH_COMPANIES,https://store.playstation.com/es-es/product/EP4293-CUSA09420_00-UNIEXEST00000000 | https://www.pricecharting.com/game/pal-playstation-4/under-night-in-birth-exelate-st | https://www.wikidata.org/wiki/Q123183766
ps4-under-night-in-birth-exelate-st-end-of-dawn-edition,Under Night In-Birth Exe:Late St [End of Dawn Edition],developer,DEVELOPER,arc-system-works | french-bread,Arc System Works | French Bread,HIGH,2,MULTIPLE_HIGH_COMPANIES,https://store.playstation.com/es-es/product/EP4293-CUSA09420_00-UNIEXEST00000000 | https://www.pricecharting.com/game/pal-playstation-4/under-night-in-birth-exelate-st-end-of-dawn-edition | https://www.wikidata.org/wiki/Q123183766
ps4-utawarerumono-zan,Utawarerumono: ZAN,developer,DEVELOPER,aquaplus | tamsoft,AquaPlus | Tamsoft Corporation,HIGH,2,MULTIPLE_HIGH_COMPANIES,https://en.wikipedia.org/wiki/List_of_PlayStation_4_games_(M%E2%80%93Z) | https://gamesdb.launchbox-app.com/games/details/443053 | https://store.steampowered.com/app/3074840 | https://www.pricecharting.com/game/pal-playstation-4/utawarerumono-zan
ps4-utawarerumono-zan-unmasked-edition,Utawarerumono: ZAN [Unmasked Edition],developer,DEVELOPER,aquaplus | tamsoft,AquaPlus | Tamsoft Corporation,HIGH,2,MULTIPLE_HIGH_COMPANIES,https://en.wikipedia.org/wiki/List_of_PlayStation_4_games_(M%E2%80%93Z) | https://gamesdb.launchbox-app.com/games/details/443053 | https://store.steampowered.com/app/3074840 | https://www.pricecharting.com/game/pal-playstation-4/utawarerumono-zan-unmasked-edition
ps4-valkyria-revolution,Valkyria Revolution,developer,DEVELOPER,media-vision | sega,Media Vision | Sega,HIGH | VERY_HIGH,2,MULTIPLE_HIGH_COMPANIES,https://en.wikipedia.org/wiki/List_of_PlayStation_4_games_(M%E2%80%93Z) | https://store.playstation.com/es-es/product/EP4062-CUSA06995_00-ARVALKYRIE000100 | https://www.pricecharting.com/game/pal-playstation-4/valkyria-revolution
ps4-vampire-the-masquerade-swansong,Vampire: The Masquerade Swansong,developer,DEVELOPER,big-bad-wolf | cyanide-studio,Big Bad Wolf | Cyanide Studio,HIGH | VERY_HIGH,2,MULTIPLE_HIGH_COMPANIES,https://en.wikipedia.org/wiki/List_of_PlayStation_4_games_(M%E2%80%93Z) | https://store.playstation.com/es-es/product/EP6665-CUSA33241_00-VTMS000000000000 | https://store.steampowered.com/app/1299510 | https://www.wikidata.org/wiki/Q71581461
ps4-z-warp,Z-Warp,publisher,PHYSICAL_PUBLISHER_OR_DISTRIBUTOR,eastasiasoft | red-art-games,EastAsiaSoft | Red Art Games,HIGH,2,MULTIPLE_HIGH_COMPANIES,https://www.pricecharting.com/game/pal-playstation-4/z-warp
