catalog_id,catalog_title,role,current_value,candidate_companies,reason,recommended_action,source_1,source_2
ps4-not-for-resale,[Not For Resale],DEVELOPER,,,INCOMPLETE_TITLE,REPAIR_CATALOG_TITLE,,
ps4-not-for-resale,[Not For Resale],PHYSICAL_PUBLISHER_OR_DISTRIBUTOR,,,INCOMPLETE_TITLE,REPAIR_CATALOG_TITLE,,
ps4-adventure-academia-the-fractured-continent,Adventure Academia: The Fractured Continent,PHYSICAL_PUBLISHER_OR_DISTRIBUTOR,,Acquire | PQube Ltd,MULTIPLE_STRONG_CANDIDATES,MANUAL_REVIEW,https://gamesdb.launchbox-app.com/games/details/475320,https://store.playstation.com/es-es/product/EP4293-CUSA34443_00-TOTOQUEST0000000
ps4-air-conflicts-secret-wars,Air Conflicts Secret Wars,PHYSICAL_PUBLISHER_OR_DISTRIBUTOR,,Games Farm | 2TAINMENT GMBH,MULTIPLE_STRONG_CANDIDATES,MANUAL_REVIEW,https://gamesdb.launchbox-app.com/games/details/421784,https://store.playstation.com/es-es/product/EP2607-CUSA05482_00-ACSECRETWARS0000
ps4-annapurna-ultimate-collection,Annapurna Ultimate Collection,DEVELOPER,,,MULTI_GAME_COMPILATION,SPLIT_COMPONENT_CREDITS,,
ps4-armored-core-vi-fires-of-rubicon-collector%27s-edition,Armored Core VI: Fires Of Rubicon [Collector's Edition],PHYSICAL_PUBLISHER_OR_DISTRIBUTOR,,Bandai Namco Entertainment | FromSoftware,MULTIPLE_STRONG_CANDIDATES,MANUAL_REVIEW,https://gamesdb.launchbox-app.com/games/details/443942,https://store.steampowered.com/app/1888160
ps4-armored-core-vi-fires-of-rubicon-launch-edition,Armored Core VI: Fires Of Rubicon [Launch Edition],PHYSICAL_PUBLISHER_OR_DISTRIBUTOR,,Bandai Namco Entertainment | FromSoftware,MULTIPLE_STRONG_CANDIDATES,MANUAL_REVIEW,https://gamesdb.launchbox-app.com/games/details/443942,https://store.steampowered.com/app/1888160
ps4-batman-arkham-vr,Batman Arkham VR,PHYSICAL_PUBLISHER_OR_DISTRIBUTOR,,Warner Bros. Interactive Entertainment | WARNER BROS. INTERACTIVE,MULTIPLE_STRONG_CANDIDATES,MANUAL_REVIEW,https://gamesdb.launchbox-app.com/games/details/144620,https://store.playstation.com/es-es/product/EP1018-CUSA05340_00-ARKHAMVRLT000000
ps4-blasphemous-coleccionista,Blasphemous Coleccionista,PHYSICAL_PUBLISHER_OR_DISTRIBUTOR,,Team17 | Selecta Play,MULTIPLE_STRONG_CANDIDATES,MANUAL_REVIEW,,
ps4-cars,Cars,PHYSICAL_PUBLISHER_OR_DISTRIBUTOR,,,INCOMPLETE_OR_AMBIGUOUS_TITLE,VERIFY_COVER_EAN_AND_EXACT_TITLE,,
ps4-classic-racers-elite,Classic Racers Elite,PHYSICAL_PUBLISHER_OR_DISTRIBUTOR,,Vision Reelle | FUNBOX MEDIA LIMITED,MULTIPLE_STRONG_CANDIDATES,MANUAL_REVIEW,https://gamesdb.launchbox-app.com/games/details/475537,https://store.playstation.com/es-es/product/EP4358-CUSA27197_00-CLASSICRACERSEU4
ps4-crash-team-racing-&amp;-spyro-reignited-trilogy,Crash Team Racing & Spyro Reignited Trilogy,DEVELOPER,,,MULTI_GAME_BUNDLE,SPLIT_COMPONENT_CREDITS,,
ps4-cyberpunk-2077-samurai-pack,Cyberpunk 2077 [Samurai Pack],PHYSICAL_PUBLISHER_OR_DISTRIBUTOR,,CD Projekt | CD Projekt RED,MULTIPLE_STRONG_CANDIDATES,MANUAL_REVIEW,https://gamesdb.launchbox-app.com/games/details/22722,https://store.steampowered.com/app/1091500
ps4-dark-souls-ii-scholar-of-the-first-sin-not-for-resale,Dark Souls II Scholar Of The First Sin [Not For Resale],PHYSICAL_PUBLISHER_OR_DISTRIBUTOR,,Bandai Namco Entertainment | FromSoftware,MULTIPLE_STRONG_CANDIDATES,MANUAL_REVIEW,https://store.steampowered.com/app/335300,https://www.wikidata.org/entity/Q22344575
ps4-dark-thrones-&amp;-witch-hunter-double-pack,Dark Thrones & Witch Hunter Double Pack,DEVELOPER,,,MULTI_GAME_BUNDLE,SPLIT_COMPONENT_CREDITS,,
ps4-date-a-live-rio-reincarnation,Date A Live: Rio Reincarnation,PHYSICAL_PUBLISHER_OR_DISTRIBUTOR,,Idea Factory International | Reef Entertainment,MULTIPLE_STRONG_CANDIDATES,MANUAL_REVIEW,https://gamesdb.launchbox-app.com/games/details/185588,https://store.playstation.com/es-es/product/EP4060-CUSA15766_00-DATEALIVERIOREIN
ps4-daymare-1994-sandcastle,Daymare 1994 Sandcastle,PHYSICAL_PUBLISHER_OR_DISTRIBUTOR,,Leonardo Interactive | INVADER STUDIOS S.R.L.,MULTIPLE_STRONG_CANDIDATES,MANUAL_REVIEW,https://store.playstation.com/es-es/product/EP3896-CUSA35770_00-2927604497113261,https://store.steampowered.com/app/1530470
ps4-demon-pit,Demon Pit,PHYSICAL_PUBLISHER_OR_DISTRIBUTOR,,Digerati | Psychic Games Limited,MULTIPLE_STRONG_CANDIDATES,MANUAL_REVIEW,https://store.playstation.com/es-es/product/EP8925-CUSA17618_00-DPPS4SIEADIGI001,https://store.steampowered.com/app/548240
ps4-dishonored-pray-arkane-collection,Dishonored & Pray Arkane Collection,DEVELOPER,,,MULTI_GAME_BUNDLE,SPLIT_COMPONENT_CREDITS,,
ps4-dishonored-complete-collection,Dishonored Complete Collection,DEVELOPER,Arkane Studios,,MULTI_GAME_BUNDLE,SPLIT_COMPONENT_CREDITS,,
ps4-dishonored-prey-the-arkane-collection,Dishonored Prey: The Arkane Collection,DEVELOPER,Arkane Studios,,MULTI_GAME_BUNDLE,SPLIT_COMPONENT_CREDITS,,
ps4-doctor-who-duo-bundle,Doctor Who: Duo Bundle,DEVELOPER,,,MULTI_GAME_BUNDLE,SPLIT_COMPONENT_CREDITS,,
ps4-dragon-ball-fighterz-&#43;-dragon-ball-xenoverse-2,Dragon Ball Fighterz + Dragon Ball Xenoverse 2,DEVELOPER,,,MULTI_GAME_BUNDLE,SPLIT_COMPONENT_CREDITS,,
ps4-dragon-ball-xenoverse-1-&amp;-2-double-pack,Dragon Ball Xenoverse 1 & 2 Double Pack,DEVELOPER,Dimps,,MULTI_GAME_BUNDLE,SPLIT_COMPONENT_CREDITS,,
ps4-ducati-90th-anniversary,Ducati : 90th Anniversary,PHYSICAL_PUBLISHER_OR_DISTRIBUTOR,,Milestone S.r.l. | MILESTONE SRL,MULTIPLE_STRONG_CANDIDATES,MANUAL_REVIEW,https://store.playstation.com/es-es/product/EP4356-CUSA05245_00-DUCATIFULLGAME00,https://store.steampowered.com/app/456780
ps4-dynasty-feud,Dynasty Feud,PHYSICAL_PUBLISHER_OR_DISTRIBUTOR,,Kaia Studios | RELEVO VIDEOGAMES SL,MULTIPLE_STRONG_CANDIDATES,MANUAL_REVIEW,https://gamesdb.launchbox-app.com/games/details/475636,https://store.playstation.com/es-es/product/EP2718-CUSA08917_00-PS40000000000001
ps4-genesis-alpha-one,Genesis Alpha One,PHYSICAL_PUBLISHER_OR_DISTRIBUTOR,,Team17 | Team 17 Digital LTD,MULTIPLE_STRONG_CANDIDATES,MANUAL_REVIEW,https://gamesdb.launchbox-app.com/games/details/473207,https://store.playstation.com/es-es/product/EP4064-CUSA10869_00-GENESISALPHA1000
ps4-ghost-trick-phantom-detective,Ghost Trick: Phantom Detective,PHYSICAL_PUBLISHER_OR_DISTRIBUTOR,,Capcom | CE EUROPE LIMITED,MULTIPLE_STRONG_CANDIDATES,MANUAL_REVIEW,https://store.playstation.com/es-es/product/EP0102-CUSA34042_00-GHOSTTRICKFULL00,https://store.steampowered.com/app/1967430
ps4-gungrave-vr,Gungrave VR,PHYSICAL_PUBLISHER_OR_DISTRIBUTOR,,XSEED Games | Marvelous Europe Limited,MULTIPLE_STRONG_CANDIDATES,MANUAL_REVIEW,https://gamesdb.launchbox-app.com/games/details/158285,https://store.playstation.com/es-es/product/EP4492-CUSA13276_00-GUNGRAVEVREUR000
ps4-gylt-collector%27s-edition,GYLT [Collector's Edition],PHYSICAL_PUBLISHER_OR_DISTRIBUTOR,,Tequila Works | Tesura Games,MULTIPLE_STRONG_CANDIDATES,MANUAL_REVIEW,https://gamesdb.launchbox-app.com/games/details/473284,https://store.steampowered.com/app/2206210
ps4-hello-neighbor-hide-&amp;-seek,Hello Neighbor: Hide & Seek,PHYSICAL_PUBLISHER_OR_DISTRIBUTOR,,tinyBuild | TINYBUILD LLC,MULTIPLE_STRONG_CANDIDATES,MANUAL_REVIEW,https://gamesdb.launchbox-app.com/games/details/473305,https://store.playstation.com/es-es/product/EP0096-CUSA13970_00-HNHIDEANDSEEK4EU
ps4-hokko-life,Hokko Life,PHYSICAL_PUBLISHER_OR_DISTRIBUTOR,,Team17 | Team 17 Digital LTD,MULTIPLE_STRONG_CANDIDATES,MANUAL_REVIEW,https://gamesdb.launchbox-app.com/games/details/473293,https://store.playstation.com/es-es/product/EP4064-CUSA30507_00-HOKKOLIFE0000000
ps4-indiecalypse,Indiecalypse,PHYSICAL_PUBLISHER_OR_DISTRIBUTOR,,JanduSoft | JANDUSOFT S.L.,MULTIPLE_STRONG_CANDIDATES,MANUAL_REVIEW,https://gamesdb.launchbox-app.com/games/details/475782,https://store.playstation.com/es-es/product/EP3111-CUSA19518_00-JANDUSOFT0000001
ps4-infinite-beyond-the-mind-tanya-edition,Infinite Beyond The Mind [Tanya Edition],PHYSICAL_PUBLISHER_OR_DISTRIBUTOR,,Blowfish Studios | Strictly Limited Games,MULTIPLE_STRONG_CANDIDATES,MANUAL_REVIEW,https://gamesdb.launchbox-app.com/games/details/473295,https://store.steampowered.com/app/1207710
ps4-jets-%27n%27-guns-2,Jets 'N' Guns 2,PHYSICAL_PUBLISHER_OR_DISTRIBUTOR,,Rake in Grass | Red Art Games,MULTIPLE_STRONG_CANDIDATES,MANUAL_REVIEW,https://store.steampowered.com/app/830820,https://www.wikidata.org/entity/Q104197287
ps4-jets%27n%27guns-2,Jets'n'Guns 2,PHYSICAL_PUBLISHER_OR_DISTRIBUTOR,,Rake in Grass | Red Art Games,MULTIPLE_STRONG_CANDIDATES,MANUAL_REVIEW,https://store.steampowered.com/app/830820,https://www.wikidata.org/entity/Q104197287
ps4-koa-and-the-five-pirates-of-mara,Koa and the Five Pirates of Mara,PHYSICAL_PUBLISHER_OR_DISTRIBUTOR,,"Chibig | CHIBIG, S.L.U.",MULTIPLE_STRONG_CANDIDATES,MANUAL_REVIEW,https://gamesdb.launchbox-app.com/games/details/475848,https://store.playstation.com/es-es/product/EP3721-CUSA39400_00-1951700463900563
ps4-lemon-cake,Lemon Cake,PHYSICAL_PUBLISHER_OR_DISTRIBUTOR,,Soedesco | Cozy Bee Games,MULTIPLE_STRONG_CANDIDATES,MANUAL_REVIEW,https://gamesdb.launchbox-app.com/games/details/473411,https://store.playstation.com/es-es/product/EP4541-CUSA33487_00-LEMONCAKEEU00000
ps4-mafia-trilogy,Mafia Trilogy,DEVELOPER,Hangar 13,,MULTI_GAME_COMPILATION,SPLIT_COMPONENT_CREDITS,,
ps4-marvel-spider-man-el-reino-de-las-sombras,Marvel Spider Man El reino de las sombras,DEVELOPER,,,WRONG_PLATFORM_OR_TITLE,REPAIR_CATALOG_IDENTITY,,
ps4-marvel-spider-man-el-reino-de-las-sombras,Marvel Spider Man El reino de las sombras,PHYSICAL_PUBLISHER_OR_DISTRIBUTOR,,,WRONG_PLATFORM_OR_TITLE,REPAIR_CATALOG_IDENTITY,,
ps4-memorrha,Memorrha,PHYSICAL_PUBLISHER_OR_DISTRIBUTOR,,StickyStoneStudio | MARKT+TECHNIK VERLAG GMBH,MULTIPLE_STRONG_CANDIDATES,MANUAL_REVIEW,https://gamesdb.launchbox-app.com/games/details/476433,https://store.playstation.com/es-es/product/EP3024-CUSA43764_00-MEMORRHAPS4EUROP
ps4-mickey-storm-and-the-cursed-mask,Mickey Storm And The Cursed Mask,PHYSICAL_PUBLISHER_OR_DISTRIBUTOR,,Lion Castle Entertainment | LION CASTLE,MULTIPLE_STRONG_CANDIDATES,MANUAL_REVIEW,https://gamesdb.launchbox-app.com/games/details/473534,https://store.playstation.com/es-es/product/EP3333-CUSA25924_00-4072971248798549
ps4-middle-earth-shadow-of-mordor-game-of-the-year,Middle Earth: Shadow of Mordor [Game of the Year],PHYSICAL_PUBLISHER_OR_DISTRIBUTOR,,Warner Bros. Interactive Entertainment | Warner Bros. Games | WARNER BROS. INTERACTIVE,MULTIPLE_STRONG_CANDIDATES,MANUAL_REVIEW,https://gamesdb.launchbox-app.com/games/details/21400,https://store.playstation.com/es-es/product/EP1018-CUSA02152_00-SHADOWMORDORGOTY
ps4-milli-&amp;-greg,Milli & Greg,PHYSICAL_PUBLISHER_OR_DISTRIBUTOR,,QUBYTE INTERACTIVE | 2ndBoss,MULTIPLE_STRONG_CANDIDATES,MANUAL_REVIEW,https://store.playstation.com/es-es/product/EP0546-CUSA29973_00-2720362443921429,https://store.steampowered.com/app/1598210
ps4-mindtaker,Mindtaker,DEVELOPER,,,CO_DEVELOPMENT,ADD_MULTIPLE_DEVELOPER_CREDITS,,
ps4-nobunaga%27s-ambition-sphere-of-influence-ascension,Nobunaga's Ambition Sphere of Influence [Ascension],PHYSICAL_PUBLISHER_OR_DISTRIBUTOR,,Koei Tecmo Games | Koei Tecmo Europe Ltd,MULTIPLE_STRONG_CANDIDATES,MANUAL_REVIEW,https://gamesdb.launchbox-app.com/games/details/473637,https://store.playstation.com/es-es/product/EP4108-CUSA05830_00-HDDBOOT000000001
ps4-nongunz-doppelganger-edition,Nongunz: Doppelganger Edition,PHYSICAL_PUBLISHER_OR_DISTRIBUTOR,,DIGERATI DISTRIBUTION | Digerati,MULTIPLE_STRONG_CANDIDATES,MANUAL_REVIEW,https://gamesdb.launchbox-app.com/games/details/476507,https://store.playstation.com/es-es/product/EP8925-CUSA23643_00-0208325909528017
ps4-observer-system-redux,Observer System Redux,PHYSICAL_PUBLISHER_OR_DISTRIBUTOR,,Bloober Team | Aspyr,MULTIPLE_STRONG_CANDIDATES,MANUAL_REVIEW,https://gamesdb.launchbox-app.com/games/details/473619,https://store.steampowered.com/app/1386900
ps4-okinawa-rush-black-mantis-edition,Okinawa Rush [Black Mantis Edition],PHYSICAL_PUBLISHER_OR_DISTRIBUTOR,,No Gravity Games | PixelHeart,MULTIPLE_STRONG_CANDIDATES,MANUAL_REVIEW,https://gamesdb.launchbox-app.com/games/details/473711,https://www.wikidata.org/entity/Q106234707
ps4-okinawa-rush-limited-edition,Okinawa Rush [Limited Edition],PHYSICAL_PUBLISHER_OR_DISTRIBUTOR,,No Gravity Games | PixelHeart,MULTIPLE_STRONG_CANDIDATES,MANUAL_REVIEW,https://gamesdb.launchbox-app.com/games/details/473711,https://www.wikidata.org/entity/Q106234707
ps4-oxide-room-104,Oxide Room 104,PHYSICAL_PUBLISHER_OR_DISTRIBUTOR,,WildSphere | WILD SPHERE S.L.,MULTIPLE_STRONG_CANDIDATES,MANUAL_REVIEW,https://store.playstation.com/es-es/product/EP3877-CUSA31638_00-OXIDE104BASEGAME,https://store.steampowered.com/app/1819180
ps4-past-cure,Past Cure,PHYSICAL_PUBLISHER_OR_DISTRIBUTOR,,Phantom 8 Studio | Phantom 8 Studio UG,MULTIPLE_STRONG_CANDIDATES,MANUAL_REVIEW,https://gamesdb.launchbox-app.com/games/details/208506,https://store.playstation.com/es-es/product/EP2595-CUSA07370_00-0001000100010001
ps4-persona-5-&#43;-persona-5-dancing-the-starlight-day-one-edition-2-hits-pack,Persona 5 + Persona 5: Dancing The Starlight - Day One Edition [2 Hits Pack],DEVELOPER,,,MULTI_GAME_COMPILATION,SPLIT_COMPONENT_CREDITS,,
ps4-playlink-games-collection,PlayLink Games Collection,DEVELOPER,,,MULTI_GAME_COMPILATION,SPLIT_COMPONENT_CREDITS,,
ps4-professional-farmer-american-dream,Professional Farmer: American Dream,PHYSICAL_PUBLISHER_OR_DISTRIBUTOR,,United Independent Entertainment | Iridium Media Group GmbH,MULTIPLE_STRONG_CANDIDATES,MANUAL_REVIEW,https://gamesdb.launchbox-app.com/games/details/473837,https://store.playstation.com/es-es/product/EP8935-CUSA09298_00-FARMAMERICAPS4EU
ps4-quivr,QuiVR,PHYSICAL_PUBLISHER_OR_DISTRIBUTOR,,"Alvios | THE MUNKY, LLC",MULTIPLE_STRONG_CANDIDATES,MANUAL_REVIEW,https://gamesdb.launchbox-app.com/games/details/466167,https://store.playstation.com/es-es/product/EP3399-CUSA13201_00-QUIVR00000000000
ps4-race-with-ryan,Race with Ryan,PHYSICAL_PUBLISHER_OR_DISTRIBUTOR,,Outright Games | OUTRIGHT GAMES LLC,MULTIPLE_STRONG_CANDIDATES,MANUAL_REVIEW,https://store.playstation.com/es-es/product/EP3678-CUSA15741_00-RWRBASEGAME00001,https://store.steampowered.com/app/1054990
ps4-ratchet-clank-atrapados-en-el-tiempo,Ratchet & Clank Atrapados en el tiempo,DEVELOPER,,,WRONG_PLATFORM_OR_TITLE,REPAIR_CATALOG_IDENTITY,,
ps4-ratchet-clank-atrapados-en-el-tiempo,Ratchet & Clank Atrapados en el tiempo,PHYSICAL_PUBLISHER_OR_DISTRIBUTOR,,,WRONG_PLATFORM_OR_TITLE,REPAIR_CATALOG_IDENTITY,,
ps4-ratchet-clank-en-busca-del-tesoro,Ratchet & Clank En busca del tesoro,DEVELOPER,,,WRONG_PLATFORM_OR_TITLE,REPAIR_CATALOG_IDENTITY,,
ps4-ratchet-clank-en-busca-del-tesoro,Ratchet & Clank En busca del tesoro,PHYSICAL_PUBLISHER_OR_DISTRIBUTOR,,,WRONG_PLATFORM_OR_TITLE,REPAIR_CATALOG_IDENTITY,,
ps4-rogue-trooper-redux,Rogue Trooper Redux,PHYSICAL_PUBLISHER_OR_DISTRIBUTOR,,Rebellion Developments | REBELLION INTERACTIVE,MULTIPLE_STRONG_CANDIDATES,MANUAL_REVIEW,https://gamesdb.launchbox-app.com/games/details/473798,https://store.playstation.com/es-es/product/EP4529-CUSA08409_00-ROGUETROOPEREDUX
ps4-rpg-maker,RPG Maker,DEVELOPER,,,INCOMPLETE_TITLE,VERIFY_EXACT_PRODUCT,,
ps4-rpg-maker,RPG Maker,PHYSICAL_PUBLISHER_OR_DISTRIBUTOR,,,INCOMPLETE_TITLE,VERIFY_EXACT_PRODUCT,,
ps4-ryan%27s-rescue-squad,Ryan's Rescue Squad,PHYSICAL_PUBLISHER_OR_DISTRIBUTOR,,Outright Games | OUTRIGHT GAMES LLC,MULTIPLE_STRONG_CANDIDATES,MANUAL_REVIEW,https://gamesdb.launchbox-app.com/games/details/473754,https://store.playstation.com/es-es/product/EP3678-CUSA27885_00-RYANSWORLDGAME01
ps4-senran-kagura-burst-renewal-bountiful-beauties,Senran Kagura Burst Re:Newal [Bountiful Beauties],PHYSICAL_PUBLISHER_OR_DISTRIBUTOR,,XSEED Games | Marvelous,MULTIPLE_STRONG_CANDIDATES,MANUAL_REVIEW,https://gamesdb.launchbox-app.com/games/details/162524,https://store.steampowered.com/app/889510
ps4-sonic-mania-plus-and-sonic-forces-double-pack,Sonic Mania Plus And Sonic Forces Double Pack,DEVELOPER,"Forces: Sonic Team. Mania: Christian Whitehead, Pagodawest Games, Headcannon, Hyperkinetc Studios",,MULTI_GAME_COMPILATION,SPLIT_COMPONENT_CREDITS,,
ps4-source-of-madness,Source of Madness,PHYSICAL_PUBLISHER_OR_DISTRIBUTOR,,Thunderful | Thunderful Publishing,MULTIPLE_STRONG_CANDIDATES,MANUAL_REVIEW,https://gamesdb.launchbox-app.com/games/details/473895,https://store.playstation.com/es-es/product/EP5360-CUSA32719_00-SOURCEOFMADNEEU4
ps4-spyro-reignited-trilogy-&amp;-crash-bandicoot-n-sane-trilogy,Spyro Reignited Trilogy & Crash Bandicoot N Sane Trilogy,DEVELOPER,,,MULTI_GAME_COMPILATION,SPLIT_COMPONENT_CREDITS,,
ps4-star-wars-jedi-knight-collection,Star Wars Jedi Knight Collection,DEVELOPER,Aspyr,,MULTI_GAME_COMPILATION,SPLIT_COMPONENT_CREDITS,,
ps4-street-power-football,Street Power Football,PHYSICAL_PUBLISHER_OR_DISTRIBUTOR,,Nacon | Microids,MULTIPLE_STRONG_CANDIDATES,MANUAL_REVIEW,https://store.playstation.com/es-es/product/EP1877-CUSA20023_00-GAM062020SPF0001,https://store.steampowered.com/app/1275760
ps4-super-crazy-rhythm-castle,Super Crazy Rhythm Castle,PHYSICAL_PUBLISHER_OR_DISTRIBUTOR,,Konami Digital Entertainment | KONAMI,MULTIPLE_STRONG_CANDIDATES,MANUAL_REVIEW,https://gamesdb.launchbox-app.com/games/details/443201,https://store.playstation.com/es-es/product/EP0101-CUSA31584_00-9852865863836924
ps4-superhot-vr,Superhot VR,PHYSICAL_PUBLISHER_OR_DISTRIBUTOR,,Superhot Team | SUPERHOT SP. Z O.O.,MULTIPLE_STRONG_CANDIDATES,MANUAL_REVIEW,https://gamesdb.launchbox-app.com/games/details/156601,https://store.playstation.com/es-es/product/EP2477-CUSA08165_00-EUSUPERHOTVRGAME
ps4-tales-of-zestiria-&#43;-tales-of-berseria-&#43;-tales-of-vesperia-triple-pack-bundle,Tales of Zestiria + Tales of Berseria + Tales of Vesperia [Triple Pack Bundle],DEVELOPER,,,MULTI_GAME_COMPILATION,SPLIT_COMPONENT_CREDITS,,
ps4-terra-trilogy,Terra Trilogy,DEVELOPER,Dark Computer Entertainment Limited,,MULTI_GAME_COMPILATION,SPLIT_COMPONENT_CREDITS,,
ps4-the-american-dream,The American Dream,PHYSICAL_PUBLISHER_OR_DISTRIBUTOR,,Samurai Punk | SAMURAI PUNK PTY LTD,MULTIPLE_STRONG_CANDIDATES,MANUAL_REVIEW,https://gamesdb.launchbox-app.com/games/details/421960,https://store.playstation.com/es-es/product/EP3170-CUSA07971_00-0123012301234567
ps4-the-giants-industry-and-transport-bundle,The Giants: Industry And Transport Bundle,DEVELOPER,,,MULTI_GAME_COMPILATION,SPLIT_COMPONENT_CREDITS,,
ps4-the-occupation,The Occupation,PHYSICAL_PUBLISHER_OR_DISTRIBUTOR,,"Humble Games | Good Games Group, Inc.",MULTIPLE_STRONG_CANDIDATES,MANUAL_REVIEW,https://store.playstation.com/es-es/product/EP3717-CUSA13141_00-THEOCCUPATIONPS4,https://store.steampowered.com/app/765880
ps4-the-rumble-fish-2,The Rumble Fish 2,PHYSICAL_PUBLISHER_OR_DISTRIBUTOR,,3goo | 3GOO K.K.,MULTIPLE_STRONG_CANDIDATES,MANUAL_REVIEW,https://store.playstation.com/es-es/product/EP4579-CUSA34437_00-TRF20000000PS4EU,https://store.steampowered.com/app/2059960
ps4-the-truth-is-out-here-mystery-adventure-pack,The Truth is Out Here Mystery Adventure Pack,DEVELOPER,,,MULTI_GAME_COMPILATION,SPLIT_COMPONENT_CREDITS,,
ps4-the-truth-is-out-there-mystery-adventure-pack,The Truth Is Out There: Mystery Adventure Pack,DEVELOPER,,,MULTI_GAME_COMPILATION,SPLIT_COMPONENT_CREDITS,,
ps4-the-ultimate-vr-collection,The Ultimate VR Collection,DEVELOPER,Various,,MULTI_GAME_COMPILATION,SPLIT_COMPONENT_CREDITS,,
ps4-trailblazers,Trailblazers,PHYSICAL_PUBLISHER_OR_DISTRIBUTOR,,Rising Star Games | Thunderful Games Ltd,MULTIPLE_STRONG_CANDIDATES,MANUAL_REVIEW,https://store.playstation.com/es-es/product/EP4034-CUSA10651_00-TRAILBLAZERSEU00,https://store.steampowered.com/app/621970
ps4-ultrawings,Ultrawings,PHYSICAL_PUBLISHER_OR_DISTRIBUTOR,,"Bit Planet Games | BIT PLANET GAMES, LLC",MULTIPLE_STRONG_CANDIDATES,MANUAL_REVIEW,https://gamesdb.launchbox-app.com/games/details/443211,https://store.playstation.com/es-es/product/EP0067-CUSA10761_00-100000ULTRAWINGS
ps4-unmetal,Unmetal,PHYSICAL_PUBLISHER_OR_DISTRIBUTOR,,Versus Evil | TINYBUILD LLC,MULTIPLE_STRONG_CANDIDATES,MANUAL_REVIEW,https://gamesdb.launchbox-app.com/games/details/443133,https://store.playstation.com/es-es/product/EP0131-CUSA27671_00-3359638182361357
ps4-vr-demo-disc,VR Demo Disc,DEVELOPER,,,MULTI_GAME_COMPILATION,SPLIT_COMPONENT_CREDITS,,
ps4-wolfenstein-alt-history-collection,Wolfenstein Alt History Collection,DEVELOPER,,,MULTI_GAME_COMPILATION,SPLIT_COMPONENT_CREDITS,,
ps4-wonder-boy-anniversary-collection,Wonder Boy Anniversary Collection,DEVELOPER,Bliss Brain,,HISTORICAL_MULTI_DEVELOPER_COLLECTION,SPLIT_ORIGINAL_AND_PORT_CREDITS,,
ps4-wonder-boy-collection,Wonder Boy Collection,DEVELOPER,Bliss Brain,,HISTORICAL_MULTI_DEVELOPER_COLLECTION,SPLIT_ORIGINAL_AND_PORT_CREDITS,,
ps4-world-of-simulators,World Of Simulators,DEVELOPER,,,MULTI_GAME_COMPILATION,SPLIT_COMPONENT_CREDITS,,
ps4-young-souls-collector%27s-edition,Young Souls [Collector's Edition],PHYSICAL_PUBLISHER_OR_DISTRIBUTOR,,The Arcade Crew | Pix'n Love | The Arcade Crew,MULTIPLE_STRONG_CANDIDATES,MANUAL_REVIEW,https://gamesdb.launchbox-app.com/games/details/477066,https://store.steampowered.com/app/985900
ps4-young-souls-deluxe-edition,Young Souls [Deluxe Edition],PHYSICAL_PUBLISHER_OR_DISTRIBUTOR,,The Arcade Crew | Pix'n Love | The Arcade Crew,MULTIPLE_STRONG_CANDIDATES,MANUAL_REVIEW,https://gamesdb.launchbox-app.com/games/details/477066,https://store.steampowered.com/app/985900
ps4-youtubers-life-2,Youtubers Life 2,PHYSICAL_PUBLISHER_OR_DISTRIBUTOR,,Raiser Games | UPLAY Online,MULTIPLE_STRONG_CANDIDATES,MANUAL_REVIEW,https://gamesdb.launchbox-app.com/games/details/474058,https://store.playstation.com/es-es/product/EP3792-CUSA26443_00-8124743661708806
ps4-dracula-s-legacy,Dracula's Legacy,PHYSICAL_PUBLISHER_OR_DISTRIBUTOR,,Joindots | Jetdogs Studios,MULTIPLE_STRONG_CANDIDATES,MANUAL_REVIEW,https://gamesdb.launchbox-app.com/games/details/207673,https://store.playstation.com/es-es/product/EP1629-CUSA11385_00-DRACULASLEGACY00
