row,serial,title,market,serial_scope,languages_index,languages_detail,libretro_regions,review_reasons,source_urls
5,SLES-03137,007 - EL MUNDO NUNCA ES SUFICIENTE,Spain,disc,S,es,Spain,,https://psxdatacenter.com/games/P/0-9/SLES-03137.html
15,SLES-03120,"3,2,1... SMURF! - MY FIRST RACING GAME",Europe,disc,E|F|G|I|Du|S,de|en|es|fr|it|nl,Europe,,https://psxdatacenter.com/games/P/0-9/SLES-03120.html
16,SLES-02089,360 - THREE SIXTY,Europe,disc,E|F|G|I|S|Sw,de|en|es|fr|it|sv,Europe,,https://psxdatacenter.com/games/P/0-9/SLES-02089.html
19,SLES-01941,40 WINKS - CON RUFF Y TUMBLE,Spain,disc,S,es,Spain,,https://psxdatacenter.com/games/P/0-9/SLES-01941.html
20,SLES-00095,4-4-2 SOCCER,Europe,disc,E|F|G|S,de|en|es|fr,Europe,,https://psxdatacenter.com/games/P/0-9/SLES-00095.html
21,SLES-02017,4X4 WORLD TROPHY,Europe,disc,E|F|G|I|S,de|en|es|fr|it,Europe,,https://psxdatacenter.com/games/P/0-9/SLES-02017.html
23,SLES-03481,50x15 - ¿QUIERE SER MILLONARIO?,Spain,disc,S,es,Spain,,https://psxdatacenter.com/games/P/0-9/SLES-03481.html
25,SCES-02153 SCES-12153,A SANGRE FRÍA - [ 2 DISCS ],Spain,disc,S,es,Spain,,https://psxdatacenter.com/games/P/A/SCES-02153.html
33,SCES-02066,ACE COMBAT 3 - ELECTROSPHERE,Europe,disc,E|F|G|I|S,de|en|es|fr|it,Europe,,https://psxdatacenter.com/games/P/A/SCES-02066.html
35,SLES-01761,ACTION MAN - MISSION EXTREME,Europe,disc,E|F|G|I|S|Du|Sw|N|Fi|D,da|de|en|es|fi|fr|it|nl|sv,Europe,,https://psxdatacenter.com/games/P/A/SLES-01761.html
36,SLES-03083,ACTION MAN - DESTRUCTION X,Europe,disc,E|F|G|I|S,de|en|es|fr|it,Europe,,https://psxdatacenter.com/games/P/A/SLES-03083.html
54,SLES-04108,ADIBOO & PAZIRAL'S SECRET,Europe,disc,E|F|G|I|S,de|en|es|fr|it,Europe,,https://psxdatacenter.com/games/P/A/SLES-04108.html
56,SLES-00189,ADIDAS POWER SOCCER,Europe,disc,E|F|G|I|S,de|en|es|fr|it,Europe,,https://psxdatacenter.com/games/P/A/SLES-00189.html
57,SLES-00857,ADIDAS POWER SOCCER 2,Europe,disc,E|F|G|I|S|Du,de|en|es|fr|it|nl,Europe,,https://psxdatacenter.com/games/P/A/SLES-00857.html
58,SLES-01239,ADIDAS POWER SOCCER '98,Europe,disc,E|F|G|I|S|Du,de|en|es|fr|it|nl,Europe,,https://psxdatacenter.com/games/P/A/SLES-01239.html
59,SLES-00270,ADIDAS POWER SOCCER - INTERNATIONAL '97,Europe,disc,E|F|G|I|S|Du,de|en|es|fr|it|nl,Europe,,https://psxdatacenter.com/games/P/A/SLES-00270.html
61,SLES-00474,AGENT ARMSTRONG,Europe,disc,E|F|G|S,de|en|es|fr,Europe,,https://psxdatacenter.com/games/P/A/SLES-00474.html
70,SLES-03290,ALEXANDRA LEDERMANN 2 - EQUITATION COMPETITION,France,disc,E|F|S,en|es|fr,France,,https://psxdatacenter.com/games/P/A/SLES-03290.html
71,SCES-03817,ALFRED CHICKEN,Europe,disc,E|F|G|I|S,de|en|es|fr|it,Europe,,https://psxdatacenter.com/games/P/A/SCES-03817.html
72,SLES-02913,ALIEN RESURRECTION,Europe,disc,E|F|G|I|S,de|en|es|fr|it,Europe,,https://psxdatacenter.com/games/P/A/SLES-02913.html
73,SLES-00101,ALIEN TRILOGY,Europe,disc,E|F|I|S,en|es|fr|it,Europe,,https://psxdatacenter.com/games/P/A/SLES-00101.html
82,SLES-01433,ALL STAR TENNIS '99,Europe,disc,E|F|G|I|S,de|en|es|fr|it,Europe,,https://psxdatacenter.com/games/P/A/SLES-01433.html
83,SLES-02764,ALL STAR TENNIS 2000,Europe,disc,E|G|I|S,de|en|es|it,Europe,,https://psxdatacenter.com/games/P/A/SLES-02764.html
88,SLES-00037,ALONE IN THE DARK - JACK IS BACK,Europe,disc,E|F|G|I|S,de|en|es|fr|it,Europe,,https://psxdatacenter.com/games/P/A/SLES-00037.html
92,SLES-02804 SLES-12804,ALONE IN THE DARK - THE NEW NIGHTMARE - [ 2 DISCS],Spain,disc,S,es,Spain,,https://psxdatacenter.com/games/P/A/SLES-02804.html
98,SLES-01258,ALUNDRA,Spain,disc,S,es,Spain,,https://psxdatacenter.com/games/P/A/SLES-01258.html
105,SLES-02349 SLES-12349,AMERZONE - EL LEGADO DEL EXPLORADOR - [ 2 DISCS ],Spain,disc,S,es,Spain,,https://psxdatacenter.com/games/P/A/SLES-02349.html
121,SCES-02031,APE ESCAPE - LA INVASION DE LOS MONOS,Spain,disc,S,es,Spain,,https://psxdatacenter.com/games/P/A/SCES-02031.html
126,SLES-03390,AQUA GT,Europe,disc,E|Du|F|G|I|S,de|en|es|fr|it|nl,Europe,,https://psxdatacenter.com/games/P/A/SLES-03390.html
133,SLES-00578,AREA 51,Europe,disc,E|F|G|S,de|en|es|fr,Europe,,https://psxdatacenter.com/games/P/A/SLES-00578.html
134,SLES-03783,AREA 51 [MIDWAY CLASSICS],Europe,disc,E|F|G|S,de|en|es|fr,Europe,,https://psxdatacenter.com/games/P/A/SLES-03783.html
135,SLES-00748,ARK OF TIME,Europe,disc,E|F|G|I|S,de|en|es|fr|it,Europe,,https://psxdatacenter.com/games/P/A/SLES-00748.html
136,SCES-00842,ARMORED CORE,Europe,disc,E|F|G|I|S,de|en|es|fr|it,Europe,,https://psxdatacenter.com/games/P/A/SCES-00842.html
137,SLES-02617,ARMORINES - PROJECT SWARM,Europe,disc,E|F|I|S,en|es|fr|it,Europe,,https://psxdatacenter.com/games/P/A/SLES-02617.html
141,SLES-02620,ARMY MEN - AIR ATTACK,Europe,disc,E|I|S,en|es|it,Europe,,https://psxdatacenter.com/games/P/A/SLES-02620.html
146,SLES-03230,ARMY MEN - AIR ATTACK 2,Spain,disc,S,es,Spain,,https://psxdatacenter.com/games/P/A/SLES-03230.html
147,SLES-03231,"ARMY MEN - LAND, SEA & AIR",Europe,disc,E|F|G|I|S,de|en|es|fr|it,Europe,,https://psxdatacenter.com/games/P/A/SLES-03231.html
148,SLES-03414,ARMY MEN - LOCK'N'LOADED,Europe,disc,E|F|G|I|S,de|en|es|fr|it,Europe,,https://psxdatacenter.com/games/P/A/SLES-03414.html
149,SLES-03431,ARMY MEN - OMEGA SOLDIER,Europe,disc,E|F|G|I|S,de|en|es|fr|it,Europe,,https://psxdatacenter.com/games/P/A/SLES-03431.html
150,SLES-02855,ARMY MEN - OPERATION MELTDOWN,Europe,disc,E|F|G|I|S,de|en|es|fr|it,Europe,,https://psxdatacenter.com/games/P/A/SLES-02855.html
154,SLES-02629,ARMY MEN - SARGE'S HEROES,Spain,disc,S,es,Spain,,https://psxdatacenter.com/games/P/A/SLES-02629.html
156,SLES-03316,ARMY MEN - SARGE'S HEROES 2,Europe,disc,E|F|G|I|S,de|en|es|fr|it,Europe,,https://psxdatacenter.com/games/P/A/SLES-03316.html
157,SLES-03633,ARMY MEN - TEAM ASSAULT,Europe,disc,E|F|G|I|S,de|en|es|fr|it,Europe,,https://psxdatacenter.com/games/P/A/SLES-03633.html
158,SLES-01244,ASSAULT,Europe,disc,E|F|G|I|S,de|en|es|fr|it,Europe,,https://psxdatacenter.com/games/P/A/SLES-01244.html
161,SLES-01748,ASTERIX,Europe,disc,E|F|I|S,en|es|fr|it,Europe,,https://psxdatacenter.com/games/P/A/SLES-01748.html
163,SLES-01748,ASTERIX [ALL YOUR CARTOON FAVOURITES VERSION],Europe,disc,G|I|S,de|es|it,Europe,,https://psxdatacenter.com/games/P/A/SLES-01748-2.html
164,SLES-03324,ASTERIX - MEGA MADNESS,Europe,disc,E|F|G|Du|I|S,de|en|es|fr|it|nl,Europe,,https://psxdatacenter.com/games/P/A/SLES-03324.html
166,SLES-02473,ASTERIX & OBELIX - CONTRA CESAR,Europe,disc,S|Sw|N,es|sv,Europe,,https://psxdatacenter.com/games/P/A/SLES-02473.html
179,SLES-01605 SLES-11605 SLES-21605,ATLANTIS - THE LOST TALES - [ 3 DISCS ],Europe,disc,E|S|Du|Sw,en|es|nl|sv,Europe,,https://psxdatacenter.com/games/P/A/SLES-01605.html
180,SLES-01718,ATTACK OF THE SAUCERMAN!,Europe,disc,E|F|G|I|S,de|en|es|fr|it,Europe,,https://psxdatacenter.com/games/P/A/SLES-01718.html
185,SLES-00909,AUTO DESTRUCT,Europe,disc,E|F|G|S|Sw,de|en|es|fr|sv,Europe,,https://psxdatacenter.com/games/P/A/SLES-00909.html
191,SLES-03109,AZTECAS - LA MALDICIÓN DE LA CIUDAD DEL ORO,Europe,disc,S|I,es|it,Europe,,https://psxdatacenter.com/games/P/A/SLES-03109.html
193,SLES-01260,B-MOVIE,Europe,disc,E|I|S,en|es|it,Europe,,https://psxdatacenter.com/games/P/B/SLES-01260.html
195,SLES-03991,BABY FELIX TENNIS,Europe,disc,E|F|G|I|N|S,de|en|es|fr|it|nl,Europe,,https://psxdatacenter.com/games/P/B/SLES-03991.html
200,SLES-00647,BALLBLAZER CHAMPIONS,Spain,disc,S,es,Spain,,https://psxdatacenter.com/games/P/B/SLES-00647.html
210,SLES-03696,BARBIE EXPLORER,Spain,disc,S,es,Spain,,https://psxdatacenter.com/games/P/B/SLES-03696.html
214,SCES-02369,BARBIE - RACE & RIDE,Spain,disc,S,es,Spain,,https://psxdatacenter.com/games/P/B/SCES-02369.html
219,SCES-02491,BARBIE SUPER SPORTS,Spain,disc,S,es,Spain,,https://psxdatacenter.com/games/P/B/SCES-02491.html
220,SLES-02615,BARCA MANAGER 2000,Spain,disc,S|Ca,es,Spain,,https://psxdatacenter.com/games/P/B/SLES-02615.html
221,SLES-00102,BATMAN & ROBIN,Europe,disc,E|F|G|S,de|en|es|fr,Europe,,https://psxdatacenter.com/games/P/B/SLES-00102.html
223,SLES-02874,BATMAN - GOTHAM CITY RACER,Europe,disc,E|F|G|I|S|Du,de|en|es|fr|it|nl,Europe,,https://psxdatacenter.com/games/P/B/SLES-02874.html
231,SLES-02774,BATTLETANX - GLOBAL ASSAULT,Europe,disc,E|I|S,en|es|it,Europe,,https://psxdatacenter.com/games/P/B/SLES-02774.html
236,SLES-02808,BEACH VOLLEYBALL,Europe,disc,E|F|G|I|S,de|en|es|fr|it,Europe,,https://psxdatacenter.com/games/P/B/SLES-02808.html
238,SLES-00709,BEAST WARS - TRANSFORMERS,Europe,disc,E|F|G|I|S,de|en|es|fr|it,Europe,,https://psxdatacenter.com/games/P/B/SLES-00709.html
240,SLES-00334,BEDLAM,Europe,disc,E|F|G|I|S|Du,de|en|es|fr|it|nl,Europe,,https://psxdatacenter.com/games/P/B/SLES-00334.html
243,SLES-03847,BIG BASS FISHING,Europe,disc,E|F|G|I|S,de|en|es|fr|it,Europe,,https://psxdatacenter.com/games/P/B/SLES-03847.html
254,SLES-00476,BLAST CHAMBER,Europe,disc,E|F|G|I|S,de|en|es|fr|it,Europe,,https://psxdatacenter.com/games/P/B/SLES-00476.html
257,SLES-02273,BLASTER MASTER - BLASTING AGAIN,Europe,disc,E|F|G|I|S,de|en|es|fr|it,Europe,,https://psxdatacenter.com/games/P/B/SLES-02273.html
258,SCES-01224,BLASTO,Europe,disc,E|F|G|I|S,de|en|es|fr|it,Europe,,https://psxdatacenter.com/games/P/B/SCES-01224.html
266,SCES-01443,BLOOD LINES,Europe,disc,E|F|G|I|S,de|en|es|fr|it,Europe,,https://psxdatacenter.com/games/P/B/SCES-01443.html
278,SLES-01712,BOMBERMAN FANTASY RACE,Europe,disc,E|F|G|S,de|en|es|fr,Europe,,https://psxdatacenter.com/games/P/B/SLES-01712.html
279,SCES-01078,BOMBERMAN WORLD,"Europe, Australia",disc,E|F|G|I|S,de|en|es|fr|it,Europe,,https://psxdatacenter.com/games/P/B/SCES-01078.html
284,SLES-03992,BRATZ,Europe,disc,E|F|G|I|S,de|en|es|fr|it,Europe,,https://psxdatacenter.com/games/P/B/SLES-03992.html
296,SCES-00414,BROKEN SWORD - LA LEYENDA DE LOS TEMPLARIOS,Spain,disc,S,es,Spain,,https://psxdatacenter.com/games/P/B/SCES-00414.html
301,SCES-00802,BROKEN SWORD 2 - LAS FUERZAS DEL MAL,Spain,disc,S,es,Spain,,https://psxdatacenter.com/games/P/B/SCES-00802.html
307,SLES-00458,BUBBLE BOBBLE 2 - BUBBLE SYMPHONY,REVIEW,disc,E|G|S,de|en|es,,no_exact_redump_serial|source_reports_unreleased,https://psxdatacenter.com/games/P/B/SLES-00458.html
309,SLES-00174,BUGGY,Europe,disc,E|F|G|I|P|S,de|en|es|fr|it|pt,Europe,,https://psxdatacenter.com/games/P/B/SLES-00174.html
311,SLES-01726,BUGS BUNNY - LOST IN TIME,Europe,disc,E|F|G|I|Du|S,de|en|es|fr|it|pt,Europe,,https://psxdatacenter.com/games/P/B/SLES-01726.html
312,SLES-02896,BUGS BUNNY & TAZ - TIME BUSTERS,Europe,disc,E|F|G|I|Du|S,de|en|es|fr|it|pt,Europe,,https://psxdatacenter.com/games/P/B/SLES-02896.html
320,SCES-01313,BUST A GROOVE,Europe,disc,E|F|G|I|S,de|en|es|fr|it,Europe,,https://psxdatacenter.com/games/P/B/SCES-01313.html
330,SCES-03366,C-12 FINAL RESISTANCE,Europe,disc,I|S,es|it,Europe,,https://psxdatacenter.com/games/P/C/SCES-03366.html
332,SLES-01363,C3 RACING - CAR CONSTRUCTORS CHAMPIONSHIP,Europe,disc,E|F|G|I|S,de|en|es|fr|it,Europe,,https://psxdatacenter.com/games/P/C/SLES-01363.html
347,SCES-01206,CARDINAL SYN,Spain,disc,S,es,Spain,,https://psxdatacenter.com/games/P/C/SCES-01206.html
348,SLES-01960,CARMAGEDDON,Europe,disc,E|F|I|S,en|es|fr|it,Europe,,https://psxdatacenter.com/games/P/C/SLES-01960.html
349,SLES-01961,CARMAGEDDON,Germany,disc,E|G|S|F,de|en|es|fr,Germany,,https://psxdatacenter.com/games/P/C/SLES-01961.html
350,SCES-00441,CARNAGE HEART,Europe,disc,E|F|G|I|S,de|en|es|fr|it,Europe,,https://psxdatacenter.com/games/P/C/SCES-00441.html
352,SLES-03113,CASPER - FRIENDS AROUND THE WORLD,Europe,disc,E|F|G|I|S,de|en|es|fr|it,Europe,,https://psxdatacenter.com/games/P/C/SLES-03113.html
358,SLES-01664,CENTIPEDE,Europe,disc,E|S|Sw,en,Europe,,https://psxdatacenter.com/games/P/C/SLES-01664.html
364,SLES-03427,CHAMPIONSHIP SURFER,Europe,disc,E|F|G|I|S|Du,de|en|es|fr|it|nl,Europe,,https://psxdatacenter.com/games/P/C/SLES-03427.html
370,SCES-02816 SCES-12816,CHASE THE EXPRESS - [ 2 DISCS ],Spain,disc,S,es,Spain,,https://psxdatacenter.com/games/P/C/SCES-02816.html
378,SLES-03285,CHICKEN RUN,Europe,disc,F|G|I|S,de|es|fr|it,Europe,,https://psxdatacenter.com/games/P/C/SLES-03285.html
379,SLES-00711,CHILL,Europe,disc,E|F|G|I|S,de|en|es|fr|it,Europe,,https://psxdatacenter.com/games/P/C/SLES-00711.html
380,SLES-02297,CHINA,Europe,disc,E|D|S|Sw,en|es|nl|sv,Europe,,https://psxdatacenter.com/games/P/C/SLES-02297.html
387,SLES-00191 SLES-10191,CHRONICLES OF THE SWORD - [ 2 DISCS ],Spain,disc,S,es,Spain,,https://psxdatacenter.com/games/P/C/SLES-00191.html
392,SLES-00753,CIRCUIT BREAKERS,Europe,disc,E|F|G|I|S,de|en|es|fr|it,Europe,,https://psxdatacenter.com/games/P/C/SLES-00753.html
397,SLES-01798,CIVILIZATION II,Spain,disc,S,es,Spain,,https://psxdatacenter.com/games/P/C/SLES-01798.html
403,SLES-00477,COLIN MCRAE RALLY,Europe,disc,E|F|G|S,de|en|es|fr,Europe,,https://psxdatacenter.com/games/P/C/SLES-00477.html
405,SLES-02605,COLIN MCRAE RALLY 2.0,Europe,disc,E|F|G|I|S,de|en|es|fr|it,Europe,,https://psxdatacenter.com/games/P/C/SLES-02605.html
410,SLES-00864 SLES-10864,COLONY WARS - [ 2 DISCS ],Spain,disc,S,es,Spain,,https://psxdatacenter.com/games/P/C/SLES-00864.html
415,SCES-02624,COLONY WARS - EL SOL ROJO,Spain,disc,S,es,Spain,,https://psxdatacenter.com/games/P/C/SCES-02624.html
420,SLES-01408,COLONY WARS - VENGEANCE,Spain,disc,S,es,Spain,,https://psxdatacenter.com/games/P/C/SLES-01408.html
430,SLES-00927,CONSTRUCTOR,Europe,disc,E|F|G|S,de|en|es|fr,Europe,,https://psxdatacenter.com/games/P/C/SLES-00927.html
437,SLES-01269,COPA DEL MUNDO FRANCIA 98,Spain,disc,S,es,Spain,,https://psxdatacenter.com/games/P/C/SLES-01269.html
442,SCES-00967,CRASH BANDICOOT 2- CORTEX STRIKES BACK,REVIEW,disc,E|F|G|I|S,de|en|es|fr|it,Europe,serial_resolves_to_multiple_markets,https://psxdatacenter.com/games/P/C/SCES-00967.html
443,SCES-01420,CRASH BANDICOOT 3 - WARPED,"Europe, Australia",disc,E|F|G|I|S,de|en|es|fr|it,Europe,,https://psxdatacenter.com/games/P/C/SCES-01420.html
444,SCES-02834,CRASH BASH,Europe,disc,E|F|G|I|S,de|en|es|fr|it,Europe,,https://psxdatacenter.com/games/P/C/SCES-02834.html
445,SCES-02105,CRASH TEAM RACING,Europe,disc,E|F|G|I|S,de|en|es|fr|it|nl,Europe,,https://psxdatacenter.com/games/P/C/SCES-02105.html
446,SLES-03690,CREATURES,Europe,disc,E|F|G|I|S,de|en|es|fr|it,Europe,,https://psxdatacenter.com/games/P/C/SLES-03690.html
447,SLES-04111,CREATURES - RAISED IN SPACE,Europe,disc,E|F|G|I|S,de|en|es|fr|it,Europe,,https://psxdatacenter.com/games/P/C/SLES-04111.html
449,SLES-00954,CRIME KILLER,Europe,disc,E|F|G|I|S,de|en|es|fr|it,Europe,,https://psxdatacenter.com/games/P/C/SLES-00954.html
454,SLES-02088,CROC 2,Europe,disc,E|F|G|I|S|N|Sw,de|en|es|fr|it|sv,Europe,,https://psxdatacenter.com/games/P/C/SLES-02088.html
461,SLES-02691,CRUSADERS OF MIGHT & MAGIC,Spain,disc,S,es,Spain,,https://psxdatacenter.com/games/P/C/SLES-02691.html
464,SLES-03986,CT SPECIAL FORCES,Europe,disc,E|F|G|I|Du|S,de|en|es|fr|it|nl,Europe,,https://psxdatacenter.com/games/P/C/SLES-03986.html
465,SLES-04123,CT SPECIAL FORCES 2 - BACK TO HELL,Europe,disc,E|F|G|I|Du|S,de|en|es|fr|it|nl,Europe,,https://psxdatacenter.com/games/P/C/SLES-04123.html
466,SLES-04155,CT SPECIAL FORCES 3 - BIOTERROR,Europe,disc,E|F|G|I|Du|S,de|en|es|fr|it|nl,Europe,,https://psxdatacenter.com/games/P/C/SLES-04155.html
473,SLES-02370,CYBERTIGER,Europe,disc,E|F|G|Sw|S,de|en|es|fr|sv,Europe,,https://psxdatacenter.com/games/P/C/SLES-02370.html
479,SLES-04129,DANCE EUROPE,Europe,disc,F|G|I|S|Du|P,de|es|fr|it|nl|pt,Europe,,https://psxdatacenter.com/games/P/D/SLES-04129.html
485,SLES-04163,DANCING STAGE FUSION,Europe,disc,E|F|G|I|S,de|en|es|fr|it,Europe,,https://psxdatacenter.com/games/P/D/SLES-04163.html
488,SLES-00663,DARKLIGHT CONFLICT,Europe,disc,E|F|G|I|S|Sw,de|en|es|fr|it|sv,Europe,,https://psxdatacenter.com/games/P/D/SLES-00663.html
491,SLES-00612,DARKSTONE,Europe,disc,E|F|G|I|S,de|en|es|fr|it,Europe,,https://psxdatacenter.com/games/P/D/SLES-00612.html
495,SLES-03682,DAVID BECKHAM SOCCER,Europe,disc,F|G|I|S,de|es|fr|it,Europe,,https://psxdatacenter.com/games/P/D/SLES-03682.html
498,SLES-01040,DEAD BALL ZONE,Europe,disc,E|F|G|I|S,de|en|es|fr|it,Europe,,https://psxdatacenter.com/games/P/D/SLES-01040.html
502,SLES-00147,DEFCON 5,Spain,disc,S,es,Spain,,https://psxdatacenter.com/games/P/D/SLES-00147.html
505,SLES-03890,DELTA FORCE - URBAN WARFARE,Europe,disc,E|F|G|I|S,de|en|es|fr|it,Europe,,https://psxdatacenter.com/games/P/D/SLES-03890.html
508,SLES-02018,DEMOLITION RACER,Europe,disc,E|F|G|I|S,de|en|es|fr|it,Europe,,https://psxdatacenter.com/games/P/D/SLES-02018.html
515,SCES-01772,DESTREGA,Spain,disc,S,es,Spain,,https://psxdatacenter.com/games/P/D/SCES-01772.html
518,SCES-02060,DESTRUCTION DERBY RAW,Europe,disc,E|F|G|I|S,de|en|es|fr|it,Europe,,https://psxdatacenter.com/games/P/D/SCES-02060.html
522,SCES-01312,DEVIL DICE,Europe,disc,E|F|G|I|S,de|en|es|fr|it,,,https://psxdatacenter.com/games/P/D/SCES-01312.html
527,SLES-00445,DIE HARD TRILOGY,Europe,disc,E|F|G|I|S|SW,de|en|es|fr|it|sv,Europe,,https://psxdatacenter.com/games/P/D/SLES-00445.html
534,SLES-03841,DIGIMON - RUMBLE ARENA,Europe,disc,E|F|G|I|S,de|en|es|fr|it,Europe,,https://psxdatacenter.com/games/P/D/SLES-03841.html
538,SLES-03436,DIGIMON WORLD,Spain,disc,S,es,Spain,,https://psxdatacenter.com/games/P/D/SLES-03436.html
540,SLES-03936,DIGIMON WORLD 2003,Europe,disc,E|F|G|I|S,de|en|es|fr|it,Europe,,https://psxdatacenter.com/games/P/D/SLES-03936.html
545,SLES-02211,DINO CRISIS,Spain,disc,S,es,Spain,,https://psxdatacenter.com/games/P/D/SLES-02211.html
550,SLES-03225,DINO CRISIS 2,Spain,disc,S|E,en|es,Spain,,https://psxdatacenter.com/games/P/D/SLES-03225.html
551,SLES-03989,DINOMASTER PARTY,Europe,disc,E|F|G|I|Du|S,de|en|es|fr|it|nl,Europe,,https://psxdatacenter.com/games/P/D/SLES-03989.html
553,SCES-00012,DISCWORLD,Europe,disc,E|F|G|I|S,de|en|es|fr|it,Europe,,https://psxdatacenter.com/games/P/D/SCES-00012.html
555,SLES-00793,DISCWORLD II - MISSING PRESUMED...!?,Europe,disc,E|I|S,en|es|it,Europe,,https://psxdatacenter.com/games/P/D/SLES-00793.html
558,SLES-01549,DISCWORLD NOIR,Europe,disc,E|I|S,en|es|it,Europe,,https://psxdatacenter.com/games/P/D/SLES-01549.html
563,SLES-03191,DISNEY'S 102 DALMATIANS - PUPPIES TO THE RESCUE,Europe,disc,F|G|I|DU|S,es|fr|it|nl,Europe,,https://psxdatacenter.com/games/P/D/SLES-03191.html
571,SCES-03008,DISNEY'S ALADDIN EN LA VENGANZA DE NASIRA,Spain,disc,S,es,Spain,,https://psxdatacenter.com/games/P/D/SCES-03008.html
582,SCES-03541,DISNEY'S ATLANTIS - EL IMPERIO PERDIDO,Spain,disc,S,es,Spain,,https://psxdatacenter.com/games/P/D/SCES-03541.html
596,SLES-02894,DISNEY'S DINOSAURIO,Spain,disc,S,es,,,https://psxdatacenter.com/games/P/D/SLES-02894.html
602,SCES-03018,DISNEY'S EL EMPERADOR Y SUS LOCURAS,Spain,disc,S,es,Spain,,https://psxdatacenter.com/games/P/D/SCES-03018.html
603,SCES-03941,DISNEY'S EL PLANETA DEL TESORO,Spain,disc,S,es,Spain,,https://psxdatacenter.com/games/P/D/SCES-03941.html
604,SLES-03272,DISNEY'S EL REY LEON - LAS AVENTURAS DEL PODEROSO SIMBA,Spain,disc,S,es,Spain,,https://psxdatacenter.com/games/P/D/SLES-03272.html
605,SCES-02177,DISNEY'S EL TETRIS UN MAGICO DESAFIO,Spain,disc,S,es,Spain,,https://psxdatacenter.com/games/P/D/SCES-02177.html
612,SCES-00895,DISNEY'S HERCULES - JUEGO DE ACCION,Spain,disc,S,es,Spain,,https://psxdatacenter.com/games/P/D/SCES-00895.html
625,SCES-03036,DISNEY'S LA SIRENITA II,Spain,disc,S,es,Spain,,https://psxdatacenter.com/games/P/D/SCES-03036.html
626,SLES-03641,DISNEY'S LA SUPER-DIVER CASA DE GOOFY,Spain,disc,S,es,Spain,,https://psxdatacenter.com/games/P/D/SLES-03641.html
629,SLES-03965,DISNEY'S LEARNING - MICKEY MOUSE,Europe,disc,E|F|G|I|S|Du,de|en|es|fr|it|nl,Europe,,https://psxdatacenter.com/games/P/D/SLES-03965.html
630,SLES-03983,DISNEY'S LEARNING - WINNIE THE POOH,Europe,disc,E|F|G|I|S|Du|Sw,da|de|en|fr|it|nl|sv,Europe,,https://psxdatacenter.com/games/P/D/SLES-03983.html
632,SCES-03875,DISNEY'S LILO & STITCH - EN PROBLEMAS EN EL PARAISO,Spain,disc,S,es,Spain,,https://psxdatacenter.com/games/P/D/SCES-03875.html
646,SCES-02007,DISNEY'S MULAN - AVENTURA INTERACTIVA,Spain,disc,S,es,Spain,,https://psxdatacenter.com/games/P/D/SCES-02007.html
653,SLES-03099,DISNEY'S PATO DONALD - CUAC ATTACK,Spain,disc,S,es,Spain,,https://psxdatacenter.com/games/P/D/SLES-03099.html
658,SCES-03715,DISNEY'S PETER PAN - AVENTURAS EN EL PAIS DE NUNCA JAMAS,Spain,disc,S,es,Spain,,https://psxdatacenter.com/games/P/D/SCES-03715.html
676,SCES-01519,DISNEY'S TARZAN,Spain,disc,S,es,Spain,,https://psxdatacenter.com/games/P/D/SCES-01519.html
690,SLES-03259,DISNEY'S TIGGER TRAS UN BOTE DE MIEL,Spain,disc,S,es,Spain,,https://psxdatacenter.com/games/P/D/SLES-03259.html
694,SCES-03748,DISNEY'S VEN A LA FIESTA CON WINNIE THE POOH,Spain,disc,S,es,Spain,,https://psxdatacenter.com/games/P/D/SCES-03748.html
708,SCES-01523,DISNEY / PIXAR - BICHOS - UNA AVENTURA EN MINIATURA,Spain,disc,S,es,Spain,,https://psxdatacenter.com/games/P/D/SCES-01523.html
710,SLES-03315,DISNEY / PIXAR - BUZZ LIGHTYEAR - GUARDIANES DEL ESPACIO,Spain,disc,S,es,Spain,,https://psxdatacenter.com/games/P/D/SLES-03315.html
725,SCES-03767,DISNEY / PIXAR - MONSTRUOS SA - LA ISLA DE LOS SUSTOS,Spain,disc,S,es,Spain,,https://psxdatacenter.com/games/P/D/SCES-03767.html
729,SLES-02408,DISNEY / PIXAR - TOY STORY 2 - ¡BUZZ LIGHTYEAR AL RESCATE!,Spain,disc,S,es,Spain,,https://psxdatacenter.com/games/P/D/SLES-02408.html
735,SLES-03398,DISNEY / PIXAR - TOY STORY RACER,Europe,disc,I|Du|S,es|it|nl,Europe,,https://psxdatacenter.com/games/P/D/SLES-03398.html
747,SLES-02760 SLES-12760,DRACULA - RESURRECCIÓN - [ 2 DISCS ],Spain,disc,S,es,Spain,,https://psxdatacenter.com/games/P/D/SLES-02760.html
750,SLES-03352 SLES-13352,DRACULA 2 - EL ÚLTIMO SANTUARIO - [ 2 DISCS ],Spain,disc,S,es,Spain,,https://psxdatacenter.com/games/P/D/SLES-03352.html
757,SLES-03685,DRAGON BALL GT - FINAL BOUT,Spain,disc,S,es,Spain,,https://psxdatacenter.com/games/P/D/SLES-03685.html
763,SLES-03739,DRAGON BALL Z - ULTIMATE BATTLE 22,Spain,disc,S,es,Spain,,https://psxdatacenter.com/games/P/D/SLES-03739.html
769,SCES-02568 SCES-12568,DRAGON VALOR - [ 2 DISCS ],Spain,disc,S,es,Spain,,https://psxdatacenter.com/games/P/D/SCES-02568.html
773,SLES-00714,DREAMS TO REALITY,Europe,disc,E|F|G|I|S,de|en|es|fr|it,Europe,,https://psxdatacenter.com/games/P/D/SLES-00714.html
777,SLES-03187,DREAMWORKS - ORO Y GLORIA - LA RUTA HACIA EL DORADO,Spain,disc,S,es,Spain,,https://psxdatacenter.com/games/P/D/SLES-03187.html
783,SLES-01978,DRIVER - YOU'RE THE WHEELMAN,Spain,disc,S,es,Spain,,https://psxdatacenter.com/games/P/D/SLES-01978.html
788,SLES-02997 SLES-12997,DRIVER 2 - BACK ON THE STREETS - [ 2 DISCS ],Spain,disc,S,es,Spain,,https://psxdatacenter.com/games/P/D/SLES-02997.html
795,SLES-03405,DUKE NUKEM - LAND OF THE BABES,Europe,disc,E|F|G|I|S,de|en|es|fr|it,Europe,,https://psxdatacenter.com/games/P/D/SLES-03405.html
804,SLES-02250,DUNE 2000,Spain,disc,S,es,Spain,,https://psxdatacenter.com/games/P/D/SLES-02250.html
806,SLES-03805,E.T. THE EXTRA TERRESTRIAL - INTERPLANETARY MISSION,Europe,disc,E|F|G|I|S,de|en|es|fr|it,Europe,,https://psxdatacenter.com/games/P/E/SLES-03805.html
808,SLES-01715,EAGLE ONE - HARRIER ATTACK,Europe,disc,E|F|G|I|S,de|en|es|fr|it,Europe,,https://psxdatacenter.com/games/P/E/SLES-01715.html
814,SLES-03491,EGIPTO II - LA PROFECIA DE HELIOPOLIS,Spain,disc,S,es,Spain,,https://psxdatacenter.com/games/P/E/SLES-03491.html
817,SLES-01600,EGYPT 1156 BCE - TOMB OF THE PHARAOH,Europe,disc,E|Du|Sw|S,en|es|nl|sv,Europe,,https://psxdatacenter.com/games/P/E/SLES-01600.html
825,SLES-01364,ELIMINATOR,Europe,disc,E|F|G|I|S,de|en|es|fr|it,Europe,,https://psxdatacenter.com/games/P/E/SLES-01364.html
826,SLES-02985,EN BUSCA DEL VALLE ENCANTADO - EL REGRESO AL GRAN VALLE,Spain,disc,S,es,Spain,,https://psxdatacenter.com/games/P/E/SLES-02985.html
828,SLES-02943,EQUESTRIAD 2001,Europe,disc,E|F|S,en|es|fr,Europe,,https://psxdatacenter.com/games/P/E/SLES-02943.html
830,SCES-01704,ESTO ES FUTBOL,Spain,disc,S,es,Spain,,https://psxdatacenter.com/games/P/E/SCES-01704.html
831,SCES-03076,ESTO ES FUTBOL 2,Spain,disc,S,es,Spain,,https://psxdatacenter.com/games/P/E/SCES-03076.html
832,SLES-02270,ETERNAL EYES,Europe,disc,E|F|G|I|S,de|en|es|fr|it,Europe,,https://psxdatacenter.com/games/P/E/SLES-02270.html
833,SLES-03415,EUROPE RACER,Europe,disc,E|F|G|I|S|Du,de|en|es|fr|it|nl,Europe,,https://psxdatacenter.com/games/P/E/SLES-03415.html
834,SLES-03082,EUROPEAN SUPER LEAGUE,Europe,disc,E|F|G|I|S|P,de|en|es|fr|it|pt,Europe,,https://psxdatacenter.com/games/P/E/SLES-03082.html
835,SCES-00983,EVERYBODY'S GOLF,"Europe, Australia",disc,E|F|G|I|S,de|en|es|fr|it,Europe,,https://psxdatacenter.com/games/P/E/SCES-00983.html
839,SLES-01871,EVO'S SPACE ADVENTURES,Europe,disc,E|F|G|I|S,de|en|es|fr|it|pt,Europe,,https://psxdatacenter.com/games/P/E/SLES-01871.html
840,SLES-00478,EXCALIBUR 2555 A.D.,Europe,disc,E|F|G|S,de|en|es|fr,Europe,,https://psxdatacenter.com/games/P/E/SLES-00478.html
842,SLES-00097,EXHUMED,Europe,disc,E|F|G|S,de|en|es|fr,Europe,,https://psxdatacenter.com/games/P/E/SLES-00097.html
845,SLES-03990,EXTREME GHOSTBUSTERS - THE ULTIMATE INVASION,Europe,disc,E|F|G|I|S|Du,de|en|es|fr|it|nl,Europe,,https://psxdatacenter.com/games/P/E/SLES-03990.html
850,SLES-02723,F1 2000,Europe,disc,S,da|en|es|fi|sv,Europe,,https://psxdatacenter.com/games/P/F/SLES-02723.html
854,SLES-03119,F1 CHAMPIONSHIP SEASON 2000,Europe,disc,E|Fi|S|Sw,en|es|fi|sv,Europe,,https://psxdatacenter.com/games/P/F/SLES-03119.html
855,SLES-02501,F1 RACING CHAMPIONSHIP,Europe,disc,E|F|G|I|S,de|en|es|fr|it,Europe,,https://psxdatacenter.com/games/P/F/SLES-02501.html
856,SLES-00887,F1 WORLD GRAND PRIX - 1999 SEASON,Europe,disc,E|F|G|I|S,de|en|es|fr|it,Europe,,https://psxdatacenter.com/games/P/F/SLES-00887.html
860,SLES-00209,FADE TO BLACK,Europe,disc,E|F|G|I|S,de|en|es|fr|it,Europe,,https://psxdatacenter.com/games/P/F/SLES-00209.html
861,SLES-00339,FADE TO BLACK [ELECTRONIC ARTS CLASSICS],Europe,disc,E|F|G|I|S,de|en|es|fr|it,Europe,,https://psxdatacenter.com/games/P/F/SLES-00339.html
863,SLES-00548,FANTASTIC FOUR,Europe,disc,E|F|G|I|S,de|en|es|fr|it,Europe,,https://psxdatacenter.com/games/P/F/SLES-00548.html
864,SLES-02166 SLES-12166 SLES-22166 SLES-32166,FEAR EFFECT - [ 4 DISCS ],Europe,disc,E|I|S,en|es|it,Europe,,https://psxdatacenter.com/games/P/F/SLES-02166.html
869,SLES-00504,FIFA '97,Europe,disc,E|F|G|I|S|Sw,en|es|fr|it|nl|sv,Europe,,https://psxdatacenter.com/games/P/F/SLES-00504.html
872,SLES-01584,FIFA '99,Europe,disc,E|Du|F|G|S|SW,de|en|es|fr|nl|sv,Europe,,https://psxdatacenter.com/games/P/F/SLES-01584.html
873,SLES-01585,FIFA '99,France,disc,E|Du|F|G|S|SW,de|en|es|fr|nl|sv,France,,https://psxdatacenter.com/games/P/F/SLES-01585.html
874,SLES-01586,FIFA '99,Germany,disc,E|Du|F|G|S|SW,de|en|es|fr|nl|sv,Germany,,https://psxdatacenter.com/games/P/F/SLES-01586.html
876,SLES-01588,FIFA '99,Spain,disc,E|Du|F|G|S|SW,de|en|es|fr|nl|sv,Spain,,https://psxdatacenter.com/games/P/F/SLES-01588.html
877,SLES-02315,FIFA 2000,Europe,disc,E|Du|G|S|SW,de|en|es|nl|sv,Europe,,https://psxdatacenter.com/games/P/F/SLES-02315.html
881,SLES-02319,FIFA 2000,Italy,disc,E|F|Du|G|S|Sw,it,Italy,,https://psxdatacenter.com/games/P/F/SLES-02319.html
884,SLES-03140,FIFA 2001,Europe,disc,E|Du|G|S|SW,de|en|es|nl|sv,Europe,,https://psxdatacenter.com/games/P/F/SLES-03140.html
886,SLES-03142,FIFA 2001,Germany,disc,E|Du|G|S|SW,de|en|es|nl|sv,Germany,,https://psxdatacenter.com/games/P/F/SLES-03142.html
890,SLES-03146,FIFA 2001,Spain,disc,E|Du|G|S|SW,de|en|es|nl|sv,Spain,,https://psxdatacenter.com/games/P/F/SLES-03146.html
892,SLES-00915,FIFA - EN ROUTE POUR LA COUPE DU MONDE '98,France,disc,E|Du|F|G|S|SW,de|en|es|fr|nl|sv,France,,https://psxdatacenter.com/games/P/F/SLES-00915.html
893,SLES-00914,FIFA - ROAD TO WORLD CUP '98,Europe,disc,E|Du|F|G|S|SW,de|en|es|fr|nl|sv,Europe,,https://psxdatacenter.com/games/P/F/SLES-00914.html
894,SLES-00918,FIFA - RUMBO AL MUNDIAL '98,Spain,disc,E|Du|F|G|S|SW,de|en|es|fr|nl|sv,Spain,,https://psxdatacenter.com/games/P/F/SLES-00918.html
896,SLES-03666,FIFA FOOTBALL 2002,Europe,disc,E|Du|G|S|SW,de|en|es|nl|sv,Europe,,https://psxdatacenter.com/games/P/F/SLES-03666.html
899,SLES-03669,FIFA FOOTBALL 2002,Germany,disc,E|Du|G|S|SW,de|en|es|nl|sv,Germany,,https://psxdatacenter.com/games/P/F/SLES-03669.html
901,SLES-03672,FIFA FOOTBALL 2002,Spain,disc,E|Du|G|S|SW,de|en|es|nl|sv,Spain,,https://psxdatacenter.com/games/P/F/SLES-03672.html
906,SLES-03981,FIFA FOOTBALL 2003,Spain,disc,E|Du|G|S|SW,de|en|es|nl|sv,Spain,,https://psxdatacenter.com/games/P/F/SLES-03981.html
910,SLES-04118,FIFA FOOTBALL 2004,Spain,disc,S,es,Spain,,https://psxdatacenter.com/games/P/F/SLES-04118.html
916,SLES-04169,FIFA FOOTBALL 2005,Spain,disc,S,es,Spain,,https://psxdatacenter.com/games/P/F/SLES-04169.html
918,SLES-00116,FIFA SOCCER '96,Europe,disc,E|F|G|I|S|Sw,de|en|es|fr|it|sv,Europe,,https://psxdatacenter.com/games/P/F/SLES-00116.html
923,SLES-02237,FIGHTING FORCE 2,Europe,disc,I|S,es|it,Europe,,https://psxdatacenter.com/games/P/F/SLES-02237.html
931,SCES-00900 SCES-10900 SCES-20900,FINAL FANTASY VII - [ 3 DISCS ],Spain,disc,S,es,Spain,,https://psxdatacenter.com/games/P/F/SCES-00900.html
936,SLES-02084 SLES-12084 SLES-22084 SLES-32084,FINAL FANTASY VIII - [ 4 DISCS ],Spain,disc,S,es,Spain,,https://psxdatacenter.com/games/P/F/SLES-02084.html
941,SLES-02969 SLES-12969 SLES-22969 SLES-32969,FINAL FANTASY IX - [ 4 DISCS ],Spain,disc,S,es,Spain,,https://psxdatacenter.com/games/P/F/SLES-02969.html
942,SCES-03884,FIREBUGS,Europe,disc,E|D|Du|F|Fi|G|I|N|P|S|Sw,da|de|en|es|fi|fr|it|nl|pt|sv,Europe,,https://psxdatacenter.com/games/P/F/SCES-03884.html
946,SLES-00254,FIRO & KLAWD,Spain,disc,S,es,Spain,,https://psxdatacenter.com/games/P/F/SLES-00254.html
958,SLES-04109,FORD TRUCK MANIA,Europe,disc,E|F|G|S,de|en|es|fr,Europe,,https://psxdatacenter.com/games/P/F/SLES-04109.html
959,SLES-00298,FORMULA 1,Europe,disc,E|F|G|I|S,de|en|es|fr|it,Europe,,https://psxdatacenter.com/games/P/F/SLES-00298.html
960,SLES-00859,FORMULA 1 '97,Europe,disc,E|F|G|I|S,de|en|es|fr|it,Europe,,https://psxdatacenter.com/games/P/F/SLES-00859.html
961,SLES-01421,FORMULA 1 '98,Europe,disc,E|F|G|I|S|Fi,de|en|es|fi|fr|it,Europe,,https://psxdatacenter.com/games/P/F/SLES-01421.html
963,SLES-00726,FORMULA KARTS - SPECIAL EDITION,Europe,disc,E|G|I|S,de|en|es|it,Europe,,https://psxdatacenter.com/games/P/F/SLES-00726.html
967,SCES-02222,FORMULA ONE 99,Europe,disc,E|Fi|S,en|es|fi,Europe,,https://psxdatacenter.com/games/P/F/SCES-02222.html
970,SCES-02779,FORMULA ONE 2000,Europe,disc,I|S,es|it,Europe,,https://psxdatacenter.com/games/P/F/SCES-02779.html
973,SCES-03424,FORMULA ONE 2001,Europe,disc,I|S,es|it,Europe,,https://psxdatacenter.com/games/P/F/SCES-03424.html
975,SCES-03886,FORMULA ONE ARCADE,Europe,disc,E|F|G|I|S,de|en|es|fr|it,Europe,,https://psxdatacenter.com/games/P/F/SCES-03886.html
980,SLES-01089,FORSAKEN,Spain,disc,S,es,Spain,,https://psxdatacenter.com/games/P/F/SLES-01089.html
987,SLES-00704,FROGGER,Europe,disc,E|F|G|I|S,de|en|es|fr|it,Europe,,https://psxdatacenter.com/games/P/F/SLES-00704.html
1000,SLES-00856 SLES-10856,G-POLICE - [ 2 DISCS ],Spain,disc,S,es,Spain,,https://psxdatacenter.com/games/P/G/SLES-00856.html
1004,SCES-01919,G-POLICE - WEAPONS OF JUSTICE,Spain,disc,S,es,Spain,,https://psxdatacenter.com/games/P/G/SCES-01919.html
1015,SLES-01241,GEKIDO - URBAN FIGHTERS,Europe,disc,E|F|G|I|S,de|en|es|fr|it,Europe,,https://psxdatacenter.com/games/P/G/SLES-01241.html
1019,SLES-01299,GEX 3 - DEEP COVER GECKO,Europe,disc,E|I|S,en|es|it,Europe,,https://psxdatacenter.com/games/P/G/SLES-01299.html
1024,SCES-02543,GHOUL PANIC,Europe,disc,E|F|G|I|S,de|en|es|fr|it,Europe,,https://psxdatacenter.com/games/P/G/SCES-02543.html
1029,SLES-01425,GLOBAL DOMINATION,Spain,disc,S,es,Spain,,https://psxdatacenter.com/games/P/G/SLES-01425.html
1032,SLES-01222,GOLDEN GOAL '98,Europe,disc,E|F|G|I|S,de|en|es|fr|it,Europe,,https://psxdatacenter.com/games/P/G/SLES-01222.html
1035,SCES-00984,GRAN TURISMO - THE REAL DRIVING SIMULATOR,Europe,disc,E|F|G|I|S,de|en|es|fr|it,Europe,,https://psxdatacenter.com/games/P/G/SCES-00984.html
1036,SCES-02380 SCES-12380,GRAN TURISMO 2 - THE REAL DRIVING SIMULATOR - [ 2 DISCS ] Includes: Arcade Disc + Simulation Disc,Europe,disc,E|F|G|I|S,de|en|es|fr|it,Europe,,https://psxdatacenter.com/games/P/G/SCES-02380.html
1038,SLES-00032 SLES-03389 SLES-01404,GRAND THEFT AUTO [COLLECTOR'S EDITION SET] - [ 3 DISCS ] Includes: Grand Theft Auto Disc + Mission Pack #1 - London 1969 + Grand Theft Auto 2 Disc,Europe,disc,E|F|G|I|S,de|en|es|fr|it,Europe,,https://psxdatacenter.com/games/P/G/SLES-00032CE.html
1039,SLES-03389,GRAND THEFT AUTO - LONDON [SPECIAL EDITION],Europe,disc,E|F|G|I|S,de|en|es|fr|it,Europe,,https://psxdatacenter.com/games/P/G/SLES-03389.html
1040,SLES-01714,GRAND THEFT AUTO - MISSION PACK #1 - LONDON 1969,Europe,disc,E|F|G|I|S,de|en|es|fr|it,Europe,,https://psxdatacenter.com/games/P/G/SLES-01714.html
1041,SLES-01404,GRAND THEFT AUTO 2,Europe,disc,E|F|G|I|S,de|en|es|fr|it,Europe,,https://psxdatacenter.com/games/P/G/SLES-01404.html
1042,SLES-02458,GRAND THEFT AUTO 2,France,packaging,E|F|G|I|S,de|en|es|fr|it,,,https://psxdatacenter.com/games/P/G/SLES-02458.html
1048,SCES-02885,GRIND SESSION,"Europe, Australia",disc,E|F|G|I|S,de|en|es|fr|it|nl|pt,Europe,,https://psxdatacenter.com/games/P/G/SCES-02885.html
1049,SLES-02223,GRUDGE WARRIORS,Europe,disc,E|F|G|I|S,de|en|es|fr|it,Europe,,https://psxdatacenter.com/games/P/G/SLES-02223.html
1056,SLES-03650,GUNDAM BATTLE ASSAULT,Europe,disc,E|F|G|I|S,de|en|es|fr|it,Europe,,https://psxdatacenter.com/games/P/G/SLES-03650.html
1057,SLES-03934,GUNDAM BATTLE ASSAULT 2,Europe,disc,E|F|G|I|S,de|en|es|fr|it,Europe,,https://psxdatacenter.com/games/P/G/SLES-03934.html
1058,SLES-03689,GUNFIGHTER - THE LEGEND OF JESSE JAMES,Europe,disc,E|F|G|I|S,de|en|es|fr|it,Europe,,https://psxdatacenter.com/games/P/G/SLES-03689.html
1060,SLES-00027,GUNSHIP,Europe,disc,E|F|G|I|S,de|en|es|fr|it,Europe,,https://psxdatacenter.com/games/P/G/SLES-00027.html
1078,SLES-03973,HARRY POTTER Y LA CÁMARA SECRETA,Europe,disc,I|P|S,es|it|pt,Europe,,https://psxdatacenter.com/games/P/H/SLES-03973.html
1080,SLES-03663,HARRY POTTER & THE PHILOSOPHER'S STONE,Europe,disc,I|P|S,es|it|pt,Europe,,https://psxdatacenter.com/games/P/H/SLES-03663.html
1089,SLES-00465 SLES-10465,HEART OF DARKNESS - [ 2 DISCS ],Spain,disc,S,es,Spain,,https://psxdatacenter.com/games/P/H/SLES-00465.html
1094,SLES-00645,HERC'S ADVENTURES,Spain,disc,S,es,Spain,,https://psxdatacenter.com/games/P/H/SLES-00645.html
1099,SLES-00115,HI-OCTANE,Europe,disc,E|F|G|S,de|en|es|fr,Europe,,https://psxdatacenter.com/games/P/H/SLES-00115.html
1100,SLES-03602,HIDDEN & DANGEROUS,Europe,disc,E|F|G|I|S,de|en|es|fr|it,Europe,,https://psxdatacenter.com/games/P/H/SLES-03602.html
1105,SLES-02768,HOGS OF WAR [MARRANOS EN GUERRA],Spain,disc,S,es,Spain,,https://psxdatacenter.com/games/P/H/SLES-02768.html
1116,SLES-01668,HUGO,Spain,disc,S,es,Spain,,https://psxdatacenter.com/games/P/H/SLES-01668.html
1121,SLES-01809,HUGO 2,Spain,disc,S,es,Spain,,https://psxdatacenter.com/games/P/H/SLES-01809.html
1128,SLES-02590,HUGO 3 - THE QUEST FOR THE SUNSTONES,Europe,disc,E|Du|F|G|Fi|I|N|Po|S|Sw,de|en|es|fi|fr|it|nl|pl|sv,Europe,,https://psxdatacenter.com/games/P/H/SLES-02590.html
1132,SLES-03514,HUGO 4 - BLACK DIAMOND FEVER,Europe,disc,I|S|P,es|it|pt,Europe,,https://psxdatacenter.com/games/P/H/SLES-03514.html
1133,SLES-03686,HUGO 5 - FROG FIGHTER,Europe,disc,E|D|Du|F|Fi|G|I|N|P|S|Sw,da|de|en|es|fi|fr|it|nl|pt|sv,Europe,,https://psxdatacenter.com/games/P/H/SLES-03686.html
1138,SLES-03839,HUGO 6 - THE EVIL MIRROR,Europe,disc,I|P|S,es|it|pt,Europe,,https://psxdatacenter.com/games/P/H/SLES-03839.html
1144,SLES-00746,IAN LIVINGSTONE'S DEATHTRAP DUNGEON,Europe,disc,E|F|G|I|S,de|en|es|fr|it,Europe,,https://psxdatacenter.com/games/P/I/SLES-00746.html
1149,SLES-02933,INCREDIBLE CRISIS,Europe,disc,E|F|G|I|S,de|en|es|fr|it,Europe,,https://psxdatacenter.com/games/P/I/SLES-02933.html
1150,SLES-00607,INDEPENDENCE DAY,Europe,disc,E|F|G|I|S|Sw,de|en|es|fr|it|sv,Europe,,https://psxdatacenter.com/games/P/I/SLES-00607.html
1152,SLES-01870,INFESTATION,Europe,disc,E|F|G|I|S|Du,de|en|es|fr|it|nl,Europe,,https://psxdatacenter.com/games/P/I/SLES-01870.html
1153,SLES-03084,INSPECTOR GADGET - GADGET'S CRAZY MAZE,Europe,disc,E|F|G|I|S|Du,de|en|es|fr|it|nl,Europe,,https://psxdatacenter.com/games/P/I/SLES-03084.html
1158,SLES-00099,INTERNATIONAL MOTO X,Europe,disc,E|F|G|I|S,de|en|es|fr|it,Europe,,https://psxdatacenter.com/games/P/I/SLES-00099.html
1161,SLES-03149,INTERNATIONAL SUPERSTAR SOCCER 2000,Europe,disc,F|I|S,es|fr|it,Europe,,https://psxdatacenter.com/games/P/I/SLES-03149.html
1166,SLES-00443,INVASION,Europe,disc,E|F|G|I|S|Du,de|en|es|fr|it|nl,Europe,,https://psxdatacenter.com/games/P/I/SLES-00443.html
1170,SLES-01218,ISS PRO 98,Europe,disc,E|F|G|S,de|en|es|fr,Europe,,https://psxdatacenter.com/games/P/I/SLES-01218.html
1173,SLES-02424,ISS PRO EVOLUTION,Europe,disc,I|S,es|it,Europe,,https://psxdatacenter.com/games/P/I/SLES-02424.html
1175,SLES-03322,ISS PRO EVOLUTION 2,Europe,disc,I|S,es|it,Europe,,https://psxdatacenter.com/games/P/I/SLES-03322.html
1181,SLES-02205,JADE COCOON - LA LEYENDA DE TAMAMAYU,Spain,disc,S,en|es,Spain,,https://psxdatacenter.com/games/P/J/SLES-02205.html
1187,SLES-01986,JEFF WAYNE'S - THE WAR OF THE WORLDS,Spain,disc,S,es,Spain,,https://psxdatacenter.com/games/P/J/SLES-01986.html
1195,SLES-04089,JIGSAW MADNESS,Europe,disc,E|F|G|I|S,de|en|es|fr|it,Europe,,https://psxdatacenter.com/games/P/J/SLES-04089.html
1196,SLES-01334,JIMMY WHITE'S 2 - CUEBALL,Europe,disc,E|F|G|I|S,de|en|es|fr|it,Europe,,https://psxdatacenter.com/games/P/J/SLES-01334.html
1197,SCES-03908,JINX,Europe,disc,E|F|G|I|S,de|en|es|fr|it,Europe,,https://psxdatacenter.com/games/P/J/SCES-03908.html
1200,SLES-00377,JONAH LOMU RUGBY,Europe,disc,E|G|I|S,de|en|es|it,Europe,,https://psxdatacenter.com/games/P/J/SLES-00377.html
1205,SLES-02750,JUNGLA DE CRISTAL TRILOGIA 2 - VIVA LAS VEGAS,Spain,disc,S,es,Spain,,https://psxdatacenter.com/games/P/J/SLES-02750.html
1219,SLES-01327,KICK OFF WORLD,Europe,disc,S|Du,es|nl,Europe,,https://psxdatacenter.com/games/P/K/SLES-01327.html
1223,SLES-01878,KILLER LOOP,Europe,disc,E|F|G|I|S,de|en|es|fr|it,Europe,,https://psxdatacenter.com/games/P/K/SLES-01878.html
1228,SCES-01659,KINGSLEY'S ADVENTURE,Europe,disc,E|D|F|Fi|G|I|Du|No|S|Sw,da|de|en|es|fr|it|nl,Europe,,https://psxdatacenter.com/games/P/K/SCES-01659.html
1230,SLES-03677,KIRIKOU,Europe,disc,I|P|S,es|it|pt,Europe,,https://psxdatacenter.com/games/P/K/SLES-03677.html
1239,SCES-01188,KLONOA - DOOR TO PHANTOMILE,Spain,disc,S,es,Spain,,https://psxdatacenter.com/games/P/K/SCES-01188.html
1240,SCES-03922,KLONOA - BEACH VOLLEYBALL,Europe,disc,E|F|G|I|S,de|en|es|fr|it,Europe,,https://psxdatacenter.com/games/P/K/SCES-03922.html
1253,SLES-02901 SLES-12901 SLES-22901 SLES-32901,KOUDELKA - [ 4 DISCS ],Spain,disc,S,es,Spain,,https://psxdatacenter.com/games/P/K/SLES-02901.html
1256,SLES-00126,KRAZY IVAN,Spain,disc,S,en|es,Spain,,https://psxdatacenter.com/games/P/K/SLES-00126.html
1260,SCES-00866,KURUSHI,Europe,disc,E|F|G|I|S,de|en|es|fr|it,Europe,,https://psxdatacenter.com/games/P/K/SCES-00866.html
1265,SCES-02013,KURUSHI FINAL,Spain,disc,S,es,Spain,,https://psxdatacenter.com/games/P/K/SCES-02013.html
1271,SLES-03688,LARGO WINCH - COMMANDO SAR,Europe,disc,E|G|I|S,en|es|it,Europe,,https://psxdatacenter.com/games/P/L/SLES-03688.html
1272,SLES-01362,LE MANS 24 HOURS,Europe,disc,E|F|G|I|S|P,de|en|es|fr|it|pt,Europe,,https://psxdatacenter.com/games/P/L/SLES-01362.html
1279,SLES-02026,LEGACY OF KAIN - SOUL REAVER,Spain,disc,S,es,Spain,,https://psxdatacenter.com/games/P/L/SLES-02026.html
1288,SCES-01947,LEGEND OF LEGAIA,Spain,disc,S,es,Spain,,https://psxdatacenter.com/games/P/L/SCES-01947.html
1297,SLES-03307,LEGO ISLAND 2 - THE BRICKSTER'S REVENGE,Spain,disc,S,es,Spain,,https://psxdatacenter.com/games/P/L/SLES-03307.html
1300,SLES-01207,LEGO RACERS,Europe,disc,E|F|G|I|S|D|Du|Fi|N|Sw,da|de|en|es|fi|fr|it|nl|sv,Europe,,https://psxdatacenter.com/games/P/L/SLES-01207.html
1301,SLES-01690,LEGO ROCK RAIDERS,Europe,disc,E|D|F|Fi|G|I|Du|No|S|Sw,da|de|en|es|fi|fr|it|nl|sv,Europe,,https://psxdatacenter.com/games/P/L/SLES-01690.html
1303,SLES-01461,LEMMINGS & OH NO MORE LEMMINGS,Europe,disc,E|F|G|I|S,de|en|es|fr|it,Europe,,https://psxdatacenter.com/games/P/L/SLES-01461.html
1311,SCES-03254,LIBERO GRANDE INTERNATIONAL,Europe,disc,E|F|G|I|S,de|en|es|fr|it,Europe,,https://psxdatacenter.com/games/P/L/SCES-03254.html
1316,SLES-00617,LIFEFORCE TENKA,Spain,disc,S,es,Spain,,https://psxdatacenter.com/games/P/L/SLES-00617.html
1319,SLES-00698,LITTLE BIG ADVENTURE,Europe,disc,E|F|G|I|S,de|en|es|fr|it,Europe,,https://psxdatacenter.com/games/P/L/SLES-00698.html
1320,SLES-01332,LIVE WIRE!,Europe,disc,E|F|G|I|S,de|en|es|fr|it,Europe,,https://psxdatacenter.com/games/P/L/SLES-01332.html
1326,SLES-00451,LOMAX,Europe,disc,E|F|G|I|S,de|en|es|fr|it,Europe,,https://psxdatacenter.com/games/P/L/SLES-00451.html
1331,SLES-03127,LOONEY TUNES RACING,Europe,disc,E|F|G|I|S,de|en|es|fr|it,Europe,,https://psxdatacenter.com/games/P/L/SLES-03127.html
1332,SLES-02895,"LOONEY TUNES - SHEEP, DOG 'N' WOLF",Europe,disc,E|F|G|I|Du|S,de|en|es|fr|it|nl,Europe,,https://psxdatacenter.com/games/P/L/SLES-02895.html
1336,SLES-03161 SLES-13161,LOUVRE - LA MALDICIÓN FINAL - [ 2 DISCS ],Spain,disc,S,es,Spain,,https://psxdatacenter.com/games/P/L/SLES-03161.html
1340,SLES-00943,LUCKY LUKE,Europe,disc,E|F|G|S,de|en|es|fr,Europe,,https://psxdatacenter.com/games/P/L/SLES-00943.html
1341,SLES-03530,LUCKY LUKE - WESTERN FEVER,Europe,disc,E|F|G|I|S,de|en|es|fr|it,Europe,,https://psxdatacenter.com/games/P/L/SLES-03530.html
1351,SLES-00833,MACHINE HUNTER,Spain,disc,S,es,Spain,,https://psxdatacenter.com/games/P/M/SLES-00833.html
1357,SLES-00211,MAGIC CARPET,Europe,disc,E|F|G|S|SW,de|en|es|fr|sv,Europe,,https://psxdatacenter.com/games/P/M/SLES-00211.html
1361,SLES-02964 SLES-12964,MAGICAL DROP 3 [ 2 DISCS ],Europe,disc,E|F|G|I|S|Du,de|en|es|fr|it|nl,Europe,,https://psxdatacenter.com/games/P/M/SLES-02964.html
1362,SLES-02402,MANAGER DE LIGA,Spain,disc,S,es,Spain,,https://psxdatacenter.com/games/P/M/SLES-02402.html
1363,SLES-02979,MANAGER DE LIGA 2001,Spain,disc,S,es,Spain,,https://psxdatacenter.com/games/P/M/SLES-02979.html
1364,SLES-03607,MANAGER DE LIGA 2002,Spain,disc,S,es,Spain,,https://psxdatacenter.com/games/P/M/SLES-03607.html
1366,SLES-01350,MARTIAN GOTHIC - UNIFICATION,Europe,disc,E|F|I|S,en|es|fr|it,Europe,,https://psxdatacenter.com/games/P/M/SLES-01350.html
1371,SLES-02379,MARY KING'S RIDING STAR,Europe,disc,E|F|G|I|Du|P|S,de|en|es|fr|it|nl|pt,Europe,,https://psxdatacenter.com/games/P/M/SLES-02379.html
1375,SLES-00098,MASS DESTRUCTION,Europe,disc,E|F|G|S,de|en|es|fr,Europe,,https://psxdatacenter.com/games/P/M/SLES-00098.html
1381,SLES-01001,MAXIMUM FORCE,Europe,disc,E|F|I|S,en|es|fr|it,Europe,,https://psxdatacenter.com/games/P/M/SLES-01001.html
1382,SLES-00599,MDK,Europe,disc,E|F|G|I|S,de|en|es|fr|it,Europe,,https://psxdatacenter.com/games/P/M/SLES-00599.html
1396,SCES-01495,MEDIEVIL,Spain,disc,S,es,Spain,,https://psxdatacenter.com/games/P/M/SCES-01495.html
1398,SCES-02545,MEDIEVIL II,Europe,disc,I|P|S,es|it|pt,Europe,,https://psxdatacenter.com/games/P/M/SCES-02545.html
1415,SLES-03523,MEN IN BLACK - THE SERIES - CRASHDOWN,Spain,disc,S,es,Spain,,https://psxdatacenter.com/games/P/M/SLES-03523.html
1420,SLES-01734 SLES-11734,METAL GEAR SOLID - [ 2 DISCS ],Spain,disc,S,es,Spain,,https://psxdatacenter.com/games/P/M/SLES-01734.html
1421,SLES-02136,METAL GEAR SOLID - SPECIAL MISSIONS,Europe,disc,E|F|G|I|S,de|en|es|fr|it,Europe,,https://psxdatacenter.com/games/P/M/SLES-02136.html
1424,SLES-03931,MICHAEL SCHUMACHER'S WORLD KART 2002,Europe,disc,E|F|G|I|S,de|en|es|fr|it,Europe,,https://psxdatacenter.com/games/P/M/SLES-03931.html
1426,SLES-02395,MICHELIN RALLY MASTERS - RACE OF CHAMPIONS,Europe,disc,E|F|G|I|S|Sw,de|en|es|fr|it|sv,Europe,,https://psxdatacenter.com/games/P/M/SLES-02395.html
1427,SLES-00016,MICRO MACHINES V3,Europe,disc,E|F|G|I|S,de|en|es|fr|it,Europe,,https://psxdatacenter.com/games/P/M/SLES-00016.html
1428,SLES-01921,MICRO MANIACS,Europe,disc,E|F|G|I|S,de|en|es|fr|it,Europe,,https://psxdatacenter.com/games/P/M/SLES-01921.html
1432,SLES-02839,MIKE TYSON BOXING,Europe,disc,E|F|G|I|S,de|en|es|fr|it,Europe,,https://psxdatacenter.com/games/P/M/SLES-02839.html
1433,SLES-02826,MILLE MIGLIA,Europe,disc,E|F|G|I|S,de|en|es|fr|it,Europe,,https://psxdatacenter.com/games/P/M/SLES-02826.html
1434,SLES-01716,MILLENNIUM SOLDIER - EXPENDABLE,Europe,disc,E|F|G|I|S,de|en|es|fr|it,Europe,,https://psxdatacenter.com/games/P/M/SLES-01716.html
1438,SLES-01906,MISSION IMPOSSIBLE,Europe,disc,E|F|G|I|S,de|en|es|fr|it,Europe,,https://psxdatacenter.com/games/P/M/SLES-01906.html
1439,SLES-02574,MOBIL 1 RALLY CHAMPIONSHIP,Europe,disc,E|F|G|I|S,de|en|es|fr|it,Europe,,https://psxdatacenter.com/games/P/M/SLES-02574.html
1440,SLES-04087,MOBILE LIGHT FORCE,Europe,disc,E|F|G|I|S,de|en|es|fr|it,Europe,,https://psxdatacenter.com/games/P/M/SLES-04087.html
1441,SLES-02830,MOHO,Europe,disc,E|F|G|I|S,de|en|es|fr|it,Europe,,https://psxdatacenter.com/games/P/M/SLES-02830.html
1442,SLES-01691,MONACO GRAND PRIX - RACING SIMULATION 2,Europe,disc,E|F|I|S,en|es|fr|it,Europe,,https://psxdatacenter.com/games/P/M/SLES-01691.html
1447,SLES-00945,MONOPOLY,Europe,disc,E|F|G|Du|S,de|en|es|fr|nl,Europe,,https://psxdatacenter.com/games/P/M/SLES-00945.html
1448,SLES-03246,MONSTER RACER,Europe,disc,E|F|G|I|P|S,de|en|es|fr|it|pt,Europe,,https://psxdatacenter.com/games/P/M/SLES-03246.html
1457,SLES-03898,MOORKOKIN 3 - ¡LA CAZA DEL POLLO!,Europe,disc,I|S,es|it,Europe,,https://psxdatacenter.com/games/P/M/SLES-03898.html
1466,SLES-00469,MOTO RACER,Europe,disc,E|F|G|I|S|Sw,de|en|es|fr|it|sv,Europe,,https://psxdatacenter.com/games/P/M/SLES-00469.html
1467,SLES-01184,MOTO RACER 2,Europe,disc,E|F|G|I|S|Sw,de|en|es|fr|it|sv,Europe,,https://psxdatacenter.com/games/P/M/SLES-01184.html
1468,SCES-03037,MOTO RACER - WORLD TOUR,Europe,disc,E|F|G|I|S|Sw,de|en|es|fr|it|sv,Europe,,https://psxdatacenter.com/games/P/M/SCES-03037.html
1469,SLES-03325,MOTOCROSS MANIA,Europe,disc,E|F|G|I|S,de|en|es|fr|it,Europe,,https://psxdatacenter.com/games/P/M/SLES-03325.html
1470,SLES-04098,MOTOCROSS MANIA 2,Europe,disc,E|F|G|I|S,de|en|es|fr|it,Europe,,https://psxdatacenter.com/games/P/M/SLES-04098.html
1474,SCES-02771,MR. DRILLER,Europe,disc,E|F|G|I|S,de|en|es|fr|it,Europe,,https://psxdatacenter.com/games/P/M/SCES-02771.html
1475,SCES-03085,MS. PACMAN - MAZE MADNESS,Europe,disc,E|F|G|I|S,de|en|es|fr|it,Europe,,https://psxdatacenter.com/games/P/M/SCES-03085.html
1476,SCES-03086,MS. PACMAN - MAZE MADNESS,France,packaging,E|F|G|I|S,de|en|es|fr|it,,,https://psxdatacenter.com/games/P/M/SCES-03086.html
1477,SCES-03087,MS. PACMAN - MAZE MADNESS,Germany,packaging,E|F|G|I|S,de|en|es|fr|it,,,https://psxdatacenter.com/games/P/M/SCES-03087.html
1478,SLES-03967,MTV'S CELEBRITY DEATHMATCH,Europe,disc,E|F|G|I|S,de|en|es|fr|it,Europe,,https://psxdatacenter.com/games/P/M/SLES-03967.html
1484,SLES-03834,MUNDIAL FIFA 2002,Spain,disc,S,es,Spain,,https://psxdatacenter.com/games/P/M/SLES-03834.html
1489,SCES-03093,MUPPET MONSTER ADVENTURE,Spain,disc,S,es,Spain,,https://psxdatacenter.com/games/P/M/SCES-03093.html
1494,SLES-01356,MUSIC - MUSIC CREATION FOR THE PLAYSTATION,Europe,disc,E|F|G|I|S,de|en|es|fr|it,Europe,,https://psxdatacenter.com/games/P/M/SLES-01356.html
1495,SLES-02224,MUSIC 2000,Europe,disc,E|F|G|I|S,de|en|es|fr|it,Europe,,https://psxdatacenter.com/games/P/M/SLES-02224.html
1496,SLES-00218,MYST (ORIGINAL & HELP CHARITY COMPILATION DISC 2/3),Europe,disc,E|F|G|I|S,de|en|es|fr|it,Europe,,https://psxdatacenter.com/games/P/M/SLES-00218.html
1497,SLES-00809,N20 - NITROUS OXIDE,Europe,disc,E|F|G|I|S|P,de|en|es|fr|it|pt,Europe,,https://psxdatacenter.com/games/P/N/SLES-00809.html
1513,SLES-02299,NBA BASKETBALL 2000,Europe,disc,E|F|G|I|S,de|en|es|fr|it,Europe,,https://psxdatacenter.com/games/P/N/SLES-02299.html
1523,SLES-00906,NBA LIVE 98,Europe,disc,E|I|S,en|es|it,Europe,,https://psxdatacenter.com/games/P/N/SLES-00906.html
1530,SLES-01457,NBA LIVE '99,Spain,disc,S,es,Spain,,https://psxdatacenter.com/games/P/N/SLES-01457.html
1535,SLES-02362,NBA LIVE 2000,Spain,disc,S,es,Spain,,https://psxdatacenter.com/games/P/N/SLES-02362.html
1540,SLES-03132,NBA LIVE 2001,Spain,disc,S,es,Spain,,https://psxdatacenter.com/games/P/N/SLES-03132.html
1545,SLES-03722,NBA LIVE 2002,Spain,disc,S,es,Spain,,https://psxdatacenter.com/games/P/N/SLES-03722.html
1549,SLES-03971,NBA LIVE 2003,Spain,disc,S,es,Spain,,https://psxdatacenter.com/games/P/N/SLES-03971.html
1559,SLES-03497 SLES-13497,NECRONOMICON - EL ALBA DE LAS TINIEBLAS - [ 2 DISCS ],Spain,disc,S,es,Spain,,https://psxdatacenter.com/games/P/N/SLES-03497.html
1562,SLES-02700,NEED FOR SPEED - PORSCHE 2000,Europe,disc,F|S|I,es|fr|it,Europe,,https://psxdatacenter.com/games/P/N/SLES-02700.html
1565,SLES-01790,NEED FOR SPEED - ROAD CHALLENGE,Europe,disc,E|I|S,en|es|it,Europe,,https://psxdatacenter.com/games/P/N/SLES-01790.html
1566,SLES-00658,NEED FOR SPEED II,Europe,disc,E|F|G|I|S|Sw,de|en|es|fr|it|sv,Europe,,https://psxdatacenter.com/games/P/N/SLES-00658.html
1567,SLES-01154,NEED FOR SPEED III - HOT PURSUIT,Europe,disc,E|F|G|I|S|Sw,de|en|es|fr|it|sv,Europe,,https://psxdatacenter.com/games/P/N/SLES-01154.html
1574,SLES-02086,N-GEN RACING,Europe,disc,E|F|G|I|S,de|en|es|fr|it,Europe,,https://psxdatacenter.com/games/P/N/SLES-02086.html
1598,SLES-03153,NICKTOONS RACING,Europe,disc,E|F|G|I|P|S,de|en|es|fr|it|pt,Europe,,https://psxdatacenter.com/games/P/N/SLES-03153.html
1602,SLES-00756,NINJA - SHADOW OF DARKNESS,Europe,disc,I|S,es|it,Europe,,https://psxdatacenter.com/games/P/N/SLES-00756.html
1606,SLES-00849,NO FEAR - DOWNHILL MOUNTAIN BIKING,Europe,disc,E|F|G|I|S|Sw,de|en|es|fr|it|sv,Europe,,https://psxdatacenter.com/games/P/N/SLES-00849.html
1609,SLES-03529,NODDY - UNA AVENTURA MÁGICA,Spain,disc,S,es,Spain,,https://psxdatacenter.com/games/P/N/SLES-03529.html
1618,SLES-01505 SLES-11505,ODDWORLD - ABE'S EXODDUS - [ 2 DISCS ],Spain,disc,S,es,Spain,,https://psxdatacenter.com/games/P/O/SLES-01505.html
1623,SLES-00841,ODDWORLD - ABE'S ODDYSEE,Spain,disc,S,es,Spain,,https://psxdatacenter.com/games/P/O/SLES-00841.html
1628,SLES-01412,ODT - ESCAPE OR DIE TRYING,Spain,disc,S,es,Spain,,https://psxdatacenter.com/games/P/O/SLES-01412.html
1630,SLES-00110,OLYMPIC GAMES - ATLANTA '96,Europe,disc,E|F|G|I|S,de|en|es|fr|it,Europe,,https://psxdatacenter.com/games/P/O/SLES-00110.html
1631,SLES-00113,OLYMPIC SOCCER - ATLANTA '96,Europe,disc,E|F|G|I|S,de|en|es|fr|it,Europe,,https://psxdatacenter.com/games/P/O/SLES-00113.html
1633,SCES-02120,OMEGA BOOST,Europe,disc,E|F|G|I|S,de|en|es|fr|it,Europe,,https://psxdatacenter.com/games/P/O/SCES-02120.html
1634,SLES-00944,ONE,Europe,disc,E|F|G|I|S,de|en|es|fr|it,Europe,,https://psxdatacenter.com/games/P/O/SLES-00944.html
1635,SLES-03807,ONE PIECE GRAND BATTLE,Europe,disc,E|F|G|I|S,de|en|es|fr|it,Europe,,https://psxdatacenter.com/games/P/O/SLES-03807.html
1637,SLES-00079,ONSIDE COMPLETE SOCCER,Europe,disc,E|F|G|S,de|en|es|fr,Europe,,https://psxdatacenter.com/games/P/O/SLES-00079.html
1649,SCES-02280,PAC-MAN WORLD,Spain,disc,S,es,Spain,,https://psxdatacenter.com/games/P/P/SCES-02280.html
1656,SCES-00743,PARAPPA THE RAPPER,Europe,disc,E|F|G|I|S,de|en|es|fr|it,Europe,,https://psxdatacenter.com/games/P/P/SCES-00743.html
1660,SLES-02561 SLES-12561,PARASITE EVE 2 - [ 2 DISCS ],Spain,disc,S,es,Spain,,https://psxdatacenter.com/games/P/P/SLES-02561.html
1669,SLES-01583,PEQUEÑOS GUERREROS,Spain,disc,S,es,Spain,,https://psxdatacenter.com/games/P/P/SLES-01583.html
1670,SLES-00805,PERFECT ASSASSIN,Europe,disc,E|F|G|I|S,de|en|es|fr|it,Europe,,https://psxdatacenter.com/games/P/P/SLES-00805.html
1678,SLES-02396,PGA EUROPEAN TOUR GOLF,Europe,disc,F|I|S,es|fr|it,Europe,,https://psxdatacenter.com/games/P/P/SLES-02396.html
1685,SLES-03932,PINK PANTHER - PINKADELIC PURSUIT,Europe,disc,E|F|G|I|S,de|en|es|fr|it,Europe,,https://psxdatacenter.com/games/P/P/SLES-03932.html
1686,SLES-04014,PINOBEE,Europe,disc,E|F|G|I|S,de|en|es|fr|it,Europe,,https://psxdatacenter.com/games/P/P/SLES-04014.html
1687,SLES-03400,PIPE MANIA 3D,Europe,disc,E|F|G|I|S,de|en|es|fr|it,Europe,,https://psxdatacenter.com/games/P/P/SLES-03400.html
1692,SLES-02087,PLANE CRAZY,REVIEW,disc,E|F|G|I|Du|S,de|en|es|fr|it|nl,,commercial_release_conflicts_with_cancellation_reference|no_exact_redump_serial,https://psxdatacenter.com/games/P/P/SLES-02087.html
1693,SLES-03844,PLANET OF THE APES,Europe,disc,E|F|G|I|S,de|en|es|fr|it,Europe,,https://psxdatacenter.com/games/P/P/SLES-03844.html
1694,SLES-00319,PLAYER MANAGER,Europe,disc,E|F|G|I|Du|S|Sw,de|en|es|fr|it|sv,Europe,,https://psxdatacenter.com/games/P/P/SLES-00319.html
1703,SLES-00168,PO'ED,Europe,disc,E|F|G|I|S,de|en|es|fr|it,Europe,,https://psxdatacenter.com/games/P/P/SLES-00168.html
1705,SCES-02180,POINT BLANK 2,"Europe, Australia",disc,E|F|G|I|S,de|en|es|fr|it,Europe,,https://psxdatacenter.com/games/P/P/SCES-02180.html
1706,SCES-03383,POINT BLANK 3,"Europe, Australia",disc,E|F|G|I|S,de|en|es|fr|it,Europe,,https://psxdatacenter.com/games/P/P/SCES-03383.html
1707,SLES-02020,PONG,Europe,disc,E|F|G|I|N|S,de|en|es|fr|it,Europe,,https://psxdatacenter.com/games/P/P/SLES-02020.html
1713,SLES-01760,POPULOUS - THE BEGINNING,Europe,disc,E|F|G|I|N|S|Sw,de|en|es|fr|it|sv,Europe,,https://psxdatacenter.com/games/P/P/SLES-01760.html
1714,SCES-00409,PORSCHE CHALLENGE,Europe,disc,E|F|G|I|S,de|en|es|fr|it,Europe,,https://psxdatacenter.com/games/P/P/SCES-00409.html
1729,SLES-00140,PRIMAL RAGE,Europe,disc,E|F|G|I|S|P,de|en|es|fr|it|pt,Europe,,https://psxdatacenter.com/games/P/P/SLES-00140.html
1730,SLES-02702,PRIMERA DIVISION STARS,Spain,disc,S,es,Spain,,https://psxdatacenter.com/games/P/P/SLES-02702.html
1731,SLES-00017,PRINCE NASEEM BOXING,Europe,disc,E|F|G|I|S,de|en|es|fr|it,Europe,,https://psxdatacenter.com/games/P/P/SLES-00017.html
1733,SLES-01559,PRO 18 WORLD TOUR GOLF,Europe,disc,E|F|G|I|S|Sw,de|en|es|fr|it,Europe,,https://psxdatacenter.com/games/P/P/SLES-01559.html
1737,SLES-03796,PRO EVOLUTION SOCCER,Europe,disc,I|S,es|it,Europe,,https://psxdatacenter.com/games/P/P/SLES-03796.html
1739,SLES-03957,PRO EVOLUTION SOCCER 2,Europe,disc,I|S,es|it,Europe,,https://psxdatacenter.com/games/P/P/SLES-03957.html
1740,SLES-01211,PRO PINBALL - BIG RACE USA,Europe,disc,E|F|G|S,de|en|es|fr,Europe,,https://psxdatacenter.com/games/P/P/SLES-01211.html
1741,SLES-02466,PRO PINBALL - FANTASTIC JOURNEY,Europe,disc,E|F|G|S,de|en|es|fr,Europe,,https://psxdatacenter.com/games/P/P/SLES-02466.html
1743,SLES-00606,PRO PINBALL - TIMESHOCK!,Europe,disc,E|F|G|I|S,de|en|es|fr|it,Europe,,https://psxdatacenter.com/games/P/P/SLES-00606.html
1746,SLES-00929,PSYBADEK,Europe,disc,E|F|G|I|S,de|en|es|fr|it,Europe,,https://psxdatacenter.com/games/P/P/SLES-00929.html
1756,SLES-02214,Q*BERT,Europe,disc,E|F|G|I|S,de|en|es|fr|it,Europe,,https://psxdatacenter.com/games/P/Q/SLES-02214.html
1763,SLES-01943,RADIKAL BIKERS,Europe,disc,E|F|G|I|S,de|en|es|fr|it,Europe,,https://psxdatacenter.com/games/P/R/SLES-01943.html
1774,SCES-00394,RAPID RACER,Europe,disc,E|F|G|I|S,de|en|es|fr|it,Europe,,https://psxdatacenter.com/games/P/R/SCES-00394.html
1778,SLES-01103,RAT ATTACK!,Europe,disc,E|F|G|I|S|Du,de|en|es|fr|it|nl,Europe,,https://psxdatacenter.com/games/P/R/SLES-01103.html
1783,SLES-02906,RAYMAN 2 - THE GREAT ESCAPE,Europe,disc,E|I|S,en|es|it,Europe,,https://psxdatacenter.com/games/P/R/SLES-02906.html
1784,SLES-02797,RAYMAN JUNIOR - ENGLISH,Europe,disc,F|G|I|S,de|es|fr|it,Europe,,https://psxdatacenter.com/games/P/R/SLES-02797.html
1785,SLES-02798,RAYMAN JUNIOR - LEVEL 1,Europe,disc,E|F|G|I|S,de|en|es|fr|it,Europe,,https://psxdatacenter.com/games/P/R/SLES-02798.html
1786,SLES-02799,RAYMAN JUNIOR - LEVEL 2,Europe,disc,E|F|G|I|S,de|en|es|fr|it,Europe,,https://psxdatacenter.com/games/P/R/SLES-02799.html
1787,SLES-02800,RAYMAN JUNIOR - LEVEL 3,Europe,disc,E|F|G|I|S,de|en|es|fr|it,Europe,,https://psxdatacenter.com/games/P/R/SLES-02800.html
1788,SLES-03812,RAYMAN RUSH,Europe,disc,E|F|G|I|S,de|en|es|fr|it,Europe,,https://psxdatacenter.com/games/P/R/SLES-03812.html
1791,SLES-02824,RC REVENGE,Europe,disc,E|F|G|S,de|en|es|fr,Europe,,https://psxdatacenter.com/games/P/R/SLES-02824.html
1801,SLES-00925,REBOOT,Spain,disc,S,es,Spain,,https://psxdatacenter.com/games/P/R/SLES-00925.html
1809,SCES-02569,RESCUE SHOT,Europe,disc,E|F|G|I|S,de|en|es|fr|it,Europe,,https://psxdatacenter.com/games/P/R/SCES-02569.html
1820,SLES-00976 SLES-10976,RESIDENT EVIL 2 - [ 2 DISCS ] Includes: Leon Disc + Claire Disc,Spain,disc,S,en|es,Spain,,https://psxdatacenter.com/games/P/R/SLES-00976.html
1824,SLES-02532,RESIDENT EVIL 3 - NEMESIS,Spain,disc,S,en|es,Spain,,https://psxdatacenter.com/games/P/R/SLES-02532.html
1829,SLES-01661,RETRO FORCE,Europe,disc,E|F|G|I|S,de|en|es|fr|it,Europe,,https://psxdatacenter.com/games/P/R/SLES-01661.html
1830,SLES-00177,RETURN FIRE,Europe,disc,E|J|F|G|I|S|P|K|R|M|Ir,de|en|es|fr|it|ja|ko|pt|ru,Europe,,https://psxdatacenter.com/games/P/R/SLES-00177.html
1831,SLES-01973,RE-VOLT,Europe,disc,E|F|G|I|S,de|en|es|fr|it,Europe,,https://psxdatacenter.com/games/P/R/SLES-01973.html
1837,SCES-01706 SCED-01832,RIDGE RACER TYPE 4 - [ 2 DISCS ],Europe,disc,E|F|G|I|S,de|en|es|fr|it,Europe,,https://psxdatacenter.com/games/P/R/SCES-01706.html
1839,SLES-00164,RISE 2 RESURRECTION,Europe,disc,E|F|G|I|S,de|en|es|fr|it,Europe,,https://psxdatacenter.com/games/P/R/SLES-00164.html
1840,SLES-01779,RISING ZAN - THE SAMURAI GUNMAN,Europe,disc,E|F|G|I|S,de|en|es|fr|it,Europe,,https://psxdatacenter.com/games/P/R/SLES-01779.html
1841,SLES-00707,RISK,Europe,disc,E|F|G|S,de|en|es|fr,,,https://psxdatacenter.com/games/P/R/SLES-00707.html
1853,SLES-02326,ROADSTERS,Europe,disc,E|F|G|I|S,de|en|es|fr|it,Europe,,https://psxdatacenter.com/games/P/R/SLES-02326.html
1855,SLES-04112,ROBOCOD - JAMES POND II,Europe,disc,E|F|G|I|S,de|en|es|fr|it,Europe,,https://psxdatacenter.com/games/P/R/SLES-04112.html
1865,SLES-03449,ROLAND GARROS - FRENCH OPEN 2001,Europe,disc,E|F|G|I|S,de|en|es|fr|it,Europe,,https://psxdatacenter.com/games/P/R/SLES-03449.html
1866,SLES-01660,ROLLCAGE,"Europe, Australia",disc,E|F|G|I|S,de|en|es|fr|it,Europe,,https://psxdatacenter.com/games/P/R/SLES-01660.html
1867,SCES-01922,ROLLCAGE - STAGE II,Europe,disc,E|F|G|I|S,de|en|es|fr|it,Europe,,https://psxdatacenter.com/games/P/R/SCES-01922.html
1869,SLES-02681,RONALDO V-FOOTBALL,Europe,disc,G|I|P|S,de|es|it|pt,Europe,,https://psxdatacenter.com/games/P/R/SLES-02681.html
1871,SCES-00257,ROSCO MCQUEEN - FIREFIGHTER EXTREME,Europe,disc,E|F|G|I|S,de|en|es|fr|it,Europe,,https://psxdatacenter.com/games/P/R/SCES-00257.html
1882,SLES-02911,RUGRATS - EXCURSIÓN AL ESTUDIO,Spain,disc,S,es,Spain,,https://psxdatacenter.com/games/P/R/SLES-02911.html
1883,SLES-02049,RUGRATS - LA BÚSQUEDA DE REPTAR,Spain,disc,S,es,Spain,,https://psxdatacenter.com/games/P/R/SLES-02049.html
1885,SLES-03344,RUGRATS EN PARIS - LA PELICULA,Spain,disc,S,es,Spain,,https://psxdatacenter.com/games/P/R/SLES-03344.html
1892,SCES-01630,RUNNING WILD,Europe,disc,E|F|G|I|S,de|en|es|fr|it,Europe,,https://psxdatacenter.com/games/P/R/SCES-01630.html
1894,SLES-01286,S.C.A.R.S.,Europe,disc,E|F|G|I|S,de|en|es|fr|it,Europe,,https://psxdatacenter.com/games/P/S/SLES-01286.html
1900,SLES-03753,SALTWATER SPORTFISHING,Europe,disc,E|F|G|I|S,de|en|es|fr|it,Europe,,https://psxdatacenter.com/games/P/S/SLES-03753.html
1901,SLES-00217,SAMPRAS EXTREME TENNIS,Europe,disc,E|F|G|I|S,de|en|es|fr|it,Europe,,https://psxdatacenter.com/games/P/S/SLES-00217.html
1903,SLES-01208,SAN FRANCISCO RUSH EXTREME RACING,Europe,disc,E|F|G|I|S,de|en|es|fr|it,Europe,,https://psxdatacenter.com/games/P/S/SLES-01208.html
1911,SLES-03642,SCRABBLE - CROSSWORD GAME,Europe,disc,E|G|S,de|en|es,Europe,,https://psxdatacenter.com/games/P/S/SLES-03642.html
1912,SLES-01021,SENSIBLE SOCCER,Europe,disc,E|F|G|I|Du|S,de|en|es|fr|it|nl,Europe,,https://psxdatacenter.com/games/P/S/SLES-01021.html
1914,SLES-01051,SENTINEL RETURNS,Europe,disc,E|F|G|I|S,de|en|es|fr|it,Europe,,https://psxdatacenter.com/games/P/S/SLES-01051.html
1918,SLES-01359,SHADOW GUNNER - THE ROBOT WARS,Europe,disc,E|F|G|I|S,de|en|es|fr|it,Europe,,https://psxdatacenter.com/games/P/S/SLES-01359.html
1923,SCES-02103 SCES-12103,SHADOW MADNESS - [ 2 DISCS ],Spain,disc,S,es,Spain,,https://psxdatacenter.com/games/P/S/SCES-02103.html
1924,SLES-00947,SHADOW MAN,Europe,disc,E|F|S,en|es|fr,Europe,,https://psxdatacenter.com/games/P/S/SLES-00947.html
1927,SLES-00888,SHADOW MASTER,Europe,disc,E|F|G|I|S,de|en|es|fr|it,Europe,,https://psxdatacenter.com/games/P/S/SLES-00888.html
1931,SLES-02218,SHEEP,Europe,disc,E|F|G|I|S,de|en|es|fr|it,Europe,,https://psxdatacenter.com/games/P/S/SLES-02218.html
1937,SLES-03996,SHREK TREASURE HUNT,Europe,disc,E|F|G|S,de|en|es|fr,Europe,,https://psxdatacenter.com/games/P/S/SLES-03996.html
1942,SLES-02992,SILENT BOMBER,Spain,disc,S,es,Spain,,https://psxdatacenter.com/games/P/S/SLES-02992.html
1943,SLES-01514,SILENT HILL,Europe,disc,E|F|G|I|S,de|en|es|fr|it,Europe,,https://psxdatacenter.com/games/P/S/SLES-01514.html
1945,SLES-00471,SIMCITY 2000,Europe,disc,E|F|G|S,de|en|es|fr,Europe,,https://psxdatacenter.com/games/P/S/SLES-00471.html
1946,SLES-04152,SITTING DUCKS,Europe,disc,E|F|G|I|S|Du,de|en|es|fr|it|nl,Europe,,https://psxdatacenter.com/games/P/S/SLES-04152.html
1956,SLES-02194,SLED STORM,Europe,disc,E|F|G|S,de|en|es|fr,Europe,,https://psxdatacenter.com/games/P/S/SLES-02194.html
1960,SLES-02763,SNO-CROSS CHAMPIONSHIP RACING,Europe,disc,E|F|G|I|S,de|en|es|fr|it,Europe,,https://psxdatacenter.com/games/P/S/SLES-02763.html
1963,SLES-00691,SOCCER '97,Europe,disc,E|F|G|I|S,de|en|es|fr|it,Europe,,https://psxdatacenter.com/games/P/S/SLES-00691.html
1966,SLES-04086,SORCERER'S MAZE,Europe,disc,E|F|G|I|S,de|en|es|fr|it,Europe,,https://psxdatacenter.com/games/P/S/SLES-04086.html
1971,SLES-02690,SOUTH PARK RALLY,Europe,disc,E|F|G|S,de|en|es|fr,Europe,,https://psxdatacenter.com/games/P/S/SLES-02690.html
1979,SCES-02433,SPACE DEBRIS,Spain,disc,S,es,Spain,,https://psxdatacenter.com/games/P/S/SCES-02433.html
1986,SLES-03515,SPEC OPS - COVER ASSAULT,Europe,disc,E|F|G|I|S,de|en|fr|it,Europe,,https://psxdatacenter.com/games/P/S/SLES-03515.html
1987,SLES-03157,SPEC OPS - RANGER ELITE,Europe,disc,E|F|G|I|S,de|en|fr|it,Europe,,https://psxdatacenter.com/games/P/S/SLES-03157.html
1988,SLES-00844,SPEC OPS - STEALTH PATROL,Europe,disc,E|F|G|I|S,de|en|fr|it,Europe,,https://psxdatacenter.com/games/P/S/SLES-00844.html
1991,SLES-02782,SPEEDBALL 2100,Europe,disc,E|F|G|I|S,de|en|es|fr|it,Europe,,https://psxdatacenter.com/games/P/S/SLES-02782.html
1997,SCES-01234,SPICE WORLD,Spain,disc,S,es,Spain,,https://psxdatacenter.com/games/P/S/SCES-01234.html
2005,SLES-02890,SPIDER-MAN,Spain,disc,S,en|es,Spain,,https://psxdatacenter.com/games/P/S/SLES-02890.html
2019,SCES-01438,SPYRO THE DRAGON,"Europe, Australia",disc,E|F|G|I|S,de|en|es|fr|it,Europe,,https://psxdatacenter.com/games/P/S/SCES-01438.html
2020,SCES-02104,SPYRO 2 - GATEWAY TO GLIMMER,Europe,disc,E|F|G|I|S,de|en|es|fr|it,Europe,,https://psxdatacenter.com/games/P/S/SCES-02104.html
2021,SCES-02835,SPYRO 3 - YEAR OF THE DRAGON,Europe,disc,E|F|G|I|S,de|en|es|fr|it,Europe,,https://psxdatacenter.com/games/P/S/SCES-02835.html
2032,SLES-00646,STAR WARS - DARK FORCES,Spain,disc,S,en|es,Spain,,https://psxdatacenter.com/games/P/S/SLES-00646.html
2040,SLES-02611,STAR WARS - EPISODE I - JEDI POWER BATTLES,Spain,disc,S,es,Spain,,https://psxdatacenter.com/games/P/S/SLES-02611.html
2045,SLES-02038,STAR WARS - EPISODE I - LA AMENAZA FANTASMA,Spain,disc,S,es,Spain,,https://psxdatacenter.com/games/P/S/SLES-02038.html
2051,SLES-00644 SLES-10644,STAR WARS - REBEL ASSAULT II - THE HIDDEN EMPIRE - [ 2 DISCS ],Spain,disc,S,es,Spain,,https://psxdatacenter.com/games/P/S/SLES-00644.html
2068,SLES-02528,STREET SCOOTERS,Europe,disc,E|F|G|I|S,de|en|es|fr|it,Europe,,https://psxdatacenter.com/games/P/S/SLES-02528.html
2073,SLES-00425,STRIKE POINT - THE HEX MISSIONS,Europe,disc,E|F|G|I|S,de|en|es|fr|it,Europe,,https://psxdatacenter.com/games/P/S/SLES-00425.html
2080,SCES-03849,STUART LITTLE 2,Spain,disc,S,es,Spain,,https://psxdatacenter.com/games/P/S/SCES-03849.html
2093,SLES-02445,SUIKODEN II,Spain,disc,S,es,Spain,,https://psxdatacenter.com/games/P/S/SLES-02445.html
2097,SLES-01175,SUPER MATCH SOCCER,Europe,disc,E|F|G|I|S,de|en|es|fr|it,Europe,,https://psxdatacenter.com/games/P/S/SLES-01175.html
2101,SLES-02538,SUPERBIKE 2000,Europe,disc,E|F|G|I|S|Sw,de|en|es|fr|it|sv,Europe,,https://psxdatacenter.com/games/P/S/SLES-02538.html
2103,SLES-02373,SUPERCROSS 2000,Europe,disc,E|F|G|I|S|Du|Sw,de|en|es|fr|it|nl|sv,Europe,,https://psxdatacenter.com/games/P/S/SLES-02373.html
2104,SLES-00080,SUPERSONIC RACERS,Europe,disc,E|F|G|I|S,de|en|es|fr|it,Europe,,https://psxdatacenter.com/games/P/S/SLES-00080.html
2117,SLES-02861,SYDNEY 2000,Spain,disc,S,es,Spain,,https://psxdatacenter.com/games/P/S/SLES-02861.html
2119,SLES-00213,SYNDICATE WARS,Europe,disc,E|F|I|S|Sw,en,Europe,,https://psxdatacenter.com/games/P/S/SLES-00213.html
2124,SCES-01914,SYPHON FILTER,Spain,disc,S,es,Spain,,https://psxdatacenter.com/games/P/S/SCES-01914.html
2129,SCES-02289 SCES-12289,SYPHON FILTER 2 - [ 2 DISCS ],Spain,disc,S,es,Spain,,https://psxdatacenter.com/games/P/S/SCES-02289.html
2134,SCES-03701,SYPHON FILTER 3,Spain,disc,S,es,Spain,,https://psxdatacenter.com/games/P/S/SCES-03701.html
2140,SLES-01248,TANK RACER,Europe,disc,E|F|G|I|S,de|en|es|fr|it,Europe,,https://psxdatacenter.com/games/P/T/SLES-01248.html
2143,SCES-02986,TEAM BUDDIES,Europe,disc,E|I|S,en|es|it,Europe,,https://psxdatacenter.com/games/P/T/SCES-02986.html
2146,SLES-03244,TECHNOMAGE - EL RETORNO DE LA ETERNIDAD,Spain,disc,S,es,Spain,,https://psxdatacenter.com/games/P/T/SLES-03244.html
2154,SCES-02486,TELEÑECOS RACEMANIA,Spain,disc,S,es,Spain,,https://psxdatacenter.com/games/P/T/SCES-02486.html
2159,SLES-03171,TELETUBBIES - JUEGA CON LOS TELETUBBIES,Spain,disc,S,es,Spain,,https://psxdatacenter.com/games/P/T/SLES-03171.html
2167,SLES-02465,TENCHU 2 - BIRTH OF THE STEALTH ASSASSINS,Spain,disc,S,es,Spain,,https://psxdatacenter.com/games/P/T/SLES-02465.html
2168,SLES-00935,TENNIS ARENA,Europe,disc,E|F|G|I|S,de|en|es|fr|it,Europe,,https://psxdatacenter.com/games/P/T/SLES-00935.html
2169,SCES-02836,TERRACON,Europe,disc,E|F|G|I|S,de|en|es|fr|it,Europe,,https://psxdatacenter.com/games/P/T/SCES-02836.html
2172,SLES-01165,TEST DRIVE 5,Europe,disc,E|F|Du|G|I|S|Sw,de|en|es|fr|it|nl|sv,Europe,,https://psxdatacenter.com/games/P/T/SLES-01165.html
2173,SLES-02752,TEST DRIVE 6,Europe,disc,E|F|G|I|S,de|en|es|fr|it,Europe,,https://psxdatacenter.com/games/P/T/SLES-02752.html
2176,SLES-03858,THE AMAZING VIRTUAL SEA MONKEYS,Europe,disc,E|F|G|I|P|No|S,de|en|es|fr|it|pt,Europe,,https://psxdatacenter.com/games/P/T/SLES-03858.html
2179,SLES-00170,THE CITY OF LOST CHILDREN,Europe,disc,E|I|S,en|es|it,Europe,,https://psxdatacenter.com/games/P/T/SLES-00170.html
2182,SLES-00638,THE CITY OF LOST CHILDREN (LA CIUDAD DE LOS NIÑOS PERDIDOS),Spain,disc,S,es,Spain,,https://psxdatacenter.com/games/P/T/SLES-00638.html
2192,SCES-01285,THE FIFTH ELEMENT,Europe,disc,E|F|G|I|S,de|en|es|fr|it,Europe,,https://psxdatacenter.com/games/P/T/SCES-01285.html
2199,SLES-02974,THE GRINCH,Europe,disc,E|F|G|I|S,de|en|es|fr|it,Europe,,https://psxdatacenter.com/games/P/T/SLES-02974.html
2200,SLES-01776,THE GUARDIAN OF DARKNESS,Europe,disc,E|F|G|I|S,de|en|es|fr|it,Europe,,https://psxdatacenter.com/games/P/T/SLES-01776.html
2204,SCES-03758,THE HOOBS,Spain,disc,S,es,Spain,,https://psxdatacenter.com/games/P/T/SCES-03758.html
2206,SLES-00109,THE INCREDIBLE HULK - THE PANTHEON SAGA,Europe,disc,E|F|G|I|S,de|en|es|fr|it,Europe,,https://psxdatacenter.com/games/P/T/SLES-00109.html
2208,SLES-03626,THE ITALIAN JOB,Europe,disc,F|G|S,de|es|fr,Europe,,https://psxdatacenter.com/games/P/T/SLES-03626.html
2212,SLES-03448,THE LAND BEFORE TIME - RACING ADVENTURE,Europe,disc,E|F|G|I|S,de|en|es|fr|it,Europe,,https://psxdatacenter.com/games/P/T/SLES-03448.html
2215,SLES-00029,THE LAST REPORT,Europe,disc,I|S,es|it,Europe,,https://psxdatacenter.com/games/P/T/SLES-00029.html
2221,SCES-03047 SCES-13047 SCES-23047 SCES-33047,THE LEGEND OF DRAGOON - [ 4 DISCS ],Spain,disc,S,es,Spain,,https://psxdatacenter.com/games/P/T/SCES-03047.html
2222,SLES-00903,THE LOST WORLD - JURASSIC PARK,Europe,disc,E|F|G|I|DU|S|SW,de|en|es|fr|it|nl,Europe,,https://psxdatacenter.com/games/P/T/SLES-00903.html
2224,SLES-03234,THE MISSION,Europe,disc,E|F|G|I|S|Du|P,de|en|es|fr|it|nl|pt,Europe,,https://psxdatacenter.com/games/P/T/SLES-03234.html
2225,SLES-02973,THE MUMMY,Europe,disc,E|F|G|I|S,de|en|es|fr|it,Europe,,https://psxdatacenter.com/games/P/T/SLES-02973.html
2226,SLES-01987,THE NEXT TETRIS,Europe,disc,E|F|G|I|Du|S,de|en|es|fr|it|nl,Europe,,https://psxdatacenter.com/games/P/T/SLES-01987.html
2227,SLES-00749,THE NOTE,Europe,disc,E|F|G|I|S,de|en|es|fr|it,Europe,,https://psxdatacenter.com/games/P/T/SLES-00749.html
2228,SLES-03629,THE POWERPUFF GIRLS - CHEMICAL X-TRACTION,Europe,disc,E|F|G|S,de|en|es|fr,Europe,,https://psxdatacenter.com/games/P/T/SLES-03629.html
2234,SLES-01749,THE SMURFS,Europe,disc,E|F|G|DU|I|S,de|en|es|fr|it|nl,Europe,,https://psxdatacenter.com/games/P/T/SLES-01749.html
2236,SLES-01300,THE UNHOLY WAR,Europe,disc,E|F|G|I|S,de|en|es|fr|it,Europe,,https://psxdatacenter.com/games/P/T/SLES-01300.html
2242,SCES-01569 SCES-11569 SCES-21569 SCES-31569,THE X-FILES - [ 4 DISCS ],Spain,disc,S,es,Spain,,https://psxdatacenter.com/games/P/T/SCES-01569.html
2243,SLES-00627,THEME HOSPITAL,Europe,disc,E|F|G|S|Sw,de|en|es|fr|it|sv,Europe,,https://psxdatacenter.com/games/P/T/SLES-00627.html
2244,SLES-00072,THEME PARK,Europe,disc,E|F|G|S|Sw,de|en|es|fr|sv,Europe,,https://psxdatacenter.com/games/P/T/SLES-00072.html
2245,SLES-02688,THEME PARK WORLD,Europe,disc,E|F|G|I|Du|Sw|S,de|en|es|fr|it|nl|sv,Europe,,https://psxdatacenter.com/games/P/T/SLES-02688.html
2255,SLES-02340,THRASHER PRESENTS SKATE & DESTROY,Europe,disc,E|F|G|I|S,de|en|es|fr|it,Europe,,https://psxdatacenter.com/games/P/T/SLES-02340.html
2257,SLES-00876,THREE LIONS - THE OFFICIAL ENGLAND TEAM GAME,United Kingdom,disc,E|F|G|I|S,de|en|es|fr|it,,,https://psxdatacenter.com/games/P/T/SLES-00876.html
2260,SLES-01674,TIGER WOODS 99 - PGA TOUR GOLF,Europe,disc,E|F|G|Sw|S,de|en|es|fr|sv,Europe,,https://psxdatacenter.com/games/P/T/SLES-01674.html
2261,SLES-02551,TIGER WOODS - PGA TOUR 2000,Europe,disc,E|F|G|Sw|S,de|en|es|fr|sv,Europe,,https://psxdatacenter.com/games/P/T/SLES-02551.html
2270,SCES-02776,TIME CRISIS - PROJECT TITAN,Europe,disc,E|F|G|I|S,de|en|es|fr|it,Europe,,https://psxdatacenter.com/games/P/T/SCES-02776.html
2271,SLES-03459,TINTIN - DESTINATION ADVENTURE,Europe,disc,E|F|G|I|S|Du|P,de|en|es|fr|it|nl|pt,Europe,,https://psxdatacenter.com/games/P/T/SLES-03459.html
2276,SCES-02075,TINY TANK,Spain,disc,S,es,Spain,,https://psxdatacenter.com/games/P/T/SCES-02075.html
2278,SCES-01997,TINY TOON ADVENTURES - BUSTER AND THE BEANSTALK,Europe,disc,E|P|S,en|es|pt,Europe,,https://psxdatacenter.com/games/P/T/SCES-01997.html
2289,SLES-02573,TOCA - WORLD TOURING CARS,Europe,disc,I|S,es|it,Europe,,https://psxdatacenter.com/games/P/T/SLES-02573.html
2291,SLES-01547,TOCA 2 - TOURING CARS,Europe,disc,I|S,es|it,Europe,,https://psxdatacenter.com/games/P/T/SLES-01547.html
2293,SLES-03181,TOM & JERRY IN HOUSE TRAP,Europe,disc,E|F|G|I|S|D|Du,da|de|en|es|fr|it|nl,Europe,,https://psxdatacenter.com/games/P/T/SLES-03181.html
2296,SLES-03888,TOM CLANCY'S RAINBOW SIX - LONE WOLF,Europe,disc,E|F|G|I|S,de|en|es|fr|it,Europe,,https://psxdatacenter.com/games/P/T/SLES-03888.html
2309,SLES-01685,TOMB RAIDER III - ADVENTURES OF LARA CROFT,Spain,disc,S,es,Spain,,https://psxdatacenter.com/games/P/T/SLES-01685.html
2314,SLES-02242,TOMB RAIDER IV - THE LAST REVELATION,Spain,disc,S,es,Spain,,https://psxdatacenter.com/games/P/T/SLES-02242.html
2316,SLES-03336,TOMB RAIDER V - CHRONICLES,Spain,disc,S,es,Spain,,https://psxdatacenter.com/games/P/T/SLES-03336.html
2321,SCES-01331,TOMBI,Europe,disc,E|D|P|S|Sw,da|en|es|pt|sv,Europe,,https://psxdatacenter.com/games/P/T/SCES-01331.html
2326,SCES-02687,TOMBI 2,Spain,disc,S,es,Spain,,https://psxdatacenter.com/games/P/T/SCES-02687.html
2327,SLES-01228,TOMMI MÄKINEN RALLY,Europe,disc,E|F|G|Fi|S,de|en|es|fi|fr,Europe,,https://psxdatacenter.com/games/P/T/SLES-01228.html
2339,SLES-00352,TOP GUN - FIRE AT WILL,Europe,disc,E|F|G|I|S,de|en|es|fr|it,Europe,,https://psxdatacenter.com/games/P/T/SLES-00352.html
2340,SLES-00307,TOTAL DRIVIN',Europe,disc,E|F|G|I|S,de|en|es|fr|it,Europe,,https://psxdatacenter.com/games/P/T/SLES-00307.html
2346,SLES-00262,TRANSPORT TYCOON,Europe,disc,E|F|G|I|S,de|en|es|fr|it,Europe,,https://psxdatacenter.com/games/P/T/SLES-00262.html
2348,SLES-00256,TRASH IT,Europe,disc,E|F|G|I|S,de|en|es|fr|it,Europe,,https://psxdatacenter.com/games/P/T/SLES-00256.html
2353,SCES-01073,TREASURES OF THE DEEP,Spain,disc,S,es,Spain,,https://psxdatacenter.com/games/P/T/SCES-01073.html
2360,SLES-03298,TUNGUSKA - LEGEND OF FAITH,Europe,disc,E|F|G|I|S,de|en|es|fr|it,Europe,,https://psxdatacenter.com/games/P/T/SLES-03298.html
2361,SLES-00322,TUNNEL B1,Europe,disc,E|F|G|I|S,de|en|es|fr|it,Europe,,https://psxdatacenter.com/games/P/T/SLES-00322.html
2368,SLES-02807,UEFA CHALLENGE,Europe,disc,F|I|P|S,es|fr|it|pt,Europe,,https://psxdatacenter.com/games/P/U/SLES-02807.html
2373,SLES-01747,UEFA CHAMPIONS LEAGUE SEASON 1998-1999,Spain,disc,S,es,Spain,,https://psxdatacenter.com/games/P/U/SLES-01747.html
2378,SLES-02581,UEFA CHAMPIONS LEAGUE SEASON 1999-2000,Spain,disc,S,es,Spain,,https://psxdatacenter.com/games/P/U/SLES-02581.html
2383,SLES-03283,UEFA CHAMPIONS LEAGUE SEASON 2000-2001,Spain,disc,S,es,Spain,,https://psxdatacenter.com/games/P/U/SLES-03283.html
2388,SLES-02708,UEFA EURO 2000,Spain,disc,S,es,Spain,,https://psxdatacenter.com/games/P/U/SLES-02708.html
2389,SLES-01733,UEFA STRIKER,Europe,disc,E|F|G|I|Du|S,de|en|es|fr|it|nl,Europe,,https://psxdatacenter.com/games/P/U/SLES-01733.html
2392,SCES-01753,UM JAMMER LAMMY,Europe,disc,E|F|G|I|S,de|en|es|fr|it,Europe,,https://psxdatacenter.com/games/P/U/SCES-01753.html
2393,SLES-02071,URBAN CHAOS,Europe,disc,E|I|S,en|es|it,Europe,,https://psxdatacenter.com/games/P/U/SLES-02071.html
2397,SLES-03681,V.I.P.,Europe,disc,E|F|G|I|S,de|en|es|fr|it,Europe,,https://psxdatacenter.com/games/P/V/SLES-03681.html
2402,SLES-00545,V2000,Europe,disc,E|F|G|I|S,de|en|es|fr|it,Europe,,https://psxdatacenter.com/games/P/V/SLES-00545.html
2409,SLES-02496,VANDAL HEARTS II,Spain,disc,S,es,Spain,,https://psxdatacenter.com/games/P/V/SLES-02496.html
2411,SLES-02534,VANISHING POINT,Europe,disc,E|F|G|S,de|en|es|fr,Europe,,https://psxdatacenter.com/games/P/V/SLES-02534.html
2420,SLES-02219,VERSALLES - COMPLOT EN LA CORTE DEL REY SOL,Spain,disc,S,es,Spain,,https://psxdatacenter.com/games/P/V/SLES-02219.html
2421,SCES-02873,VIB RIBBON,Europe,disc,E|F|G|I|S,de|en|es|fr|it,Europe,,https://psxdatacenter.com/games/P/V/SCES-02873.html
2432,SLES-01302,VIPER,Europe,disc,E|F|G|I|S,de|en|es|fr|it,Europe,,https://psxdatacenter.com/games/P/V/SLES-01302.html
2434,SLES-03288,VIRTUAL KASPAROV,Europe,disc,E|F|G|I|S|Du,de|en|es|fr|it|nl,Europe,,https://psxdatacenter.com/games/P/V/SLES-03288.html
2436,SLES-01317,VIRUS - IT'S AWARE,Europe,disc,E|F|G|I|S,de|en|es|fr|it,Europe,,https://psxdatacenter.com/games/P/V/SLES-01317.html
2437,SLES-00761,VIVA FOOTBALL,Europe,disc,E|F|G|I|S,de|en|es|fr|it|pt,Europe,,https://psxdatacenter.com/games/P/V/SLES-00761.html
2441,SLES-00931,VR SPORTS POWERBOAT RACING,Europe,disc,E|F|G|I|S,de|en|es|fr|it,Europe,,https://psxdatacenter.com/games/P/V/SLES-00931.html
2444,SLES-02468,WACKY RACES,Europe,disc,E|F|G|I|Du|S,de|en|es|fr|it|nl,Europe,,https://psxdatacenter.com/games/P/W/SLES-02468.html
2447,SCES-03029,WALT DISNEY EL LIBRO DE LA SELVA - MUÉVETE CON RITMO,Spain,disc,S,es,Spain,,https://psxdatacenter.com/games/P/W/SCES-03029.html
2456,SLES-02733,WALT DISNEY'S WORLD QUEST - MAGICAL RACING TOUR,Europe,disc,E|F|G|I|Du|S|N|D|Sw,da|de|en|es|fr|it|nl|sv,Europe,,https://psxdatacenter.com/games/P/W/SLES-02733.html
2459,SLES-00878,WARCRAFT II - THE DARK SAGA,Europe,disc,E|F|G|I|S,de|en|es|fr|it,Europe,,https://psxdatacenter.com/games/P/W/SLES-00878.html
2461,SLES-00978,WARGAMES - DEFCON 1,Europe,disc,E|F|G|I|S,de|en|es|fr|it,Europe,,https://psxdatacenter.com/games/P/W/SLES-00978-2.html
2465,SLES-03247,WARM UP!,Europe,disc,E|F|G|I|P|S,de|en|es|fr|it|pt,Europe,,https://psxdatacenter.com/games/P/W/SLES-03247.html
2468,SLES-03330,WARRIORS OF MIGHT & MAGIC,Europe,disc,E|I|S,en|es|it,Europe,,https://psxdatacenter.com/games/P/W/SLES-03330.html
2469,SLES-00937,WARZONE 2100,Europe,disc,E|I|S,en|es|it,Europe,,https://psxdatacenter.com/games/P/W/SLES-00937.html
2490,SLES-01333,WILD 9,Europe,disc,E|F|G|I|S,de|en|es|fr|it,Europe,,https://psxdatacenter.com/games/P/W/SLES-01333.html
2495,SCES-01174,WILD ARMS,Spain,disc,S,es,Spain,,https://psxdatacenter.com/games/P/W/SCES-01174.html
2510,SCES-01909,WIPEOUT 3,Europe,disc,E|F|G|I|S,de|en|es|fr|it,Europe,,https://psxdatacenter.com/games/P/W/SCES-01909.html
2511,SCES-02845,WIPEOUT 3 - SPECIAL EDITION,Europe,disc,E|F|G|I|S,de|en|es|fr|it,Europe,,https://psxdatacenter.com/games/P/W/SCES-02845.html
2513,SLES-02972,WOODY WOODPECKER RACING,Europe,disc,E|F|G|I|S,de|en|es|fr|it,Europe,,https://psxdatacenter.com/games/P/W/SLES-02972.html
2520,SLES-03232,WORLD DESTRUCTION LEAGUE - THUNDER TANKS,Europe,disc,E|F|G|I|S,de|en|es|fr|it,Europe,,https://psxdatacenter.com/games/P/W/SLES-03232.html
2521,SLES-03359,WORLD DESTRUCTION LEAGUE - WARJETZ,Europe,disc,E|F|G|I|S,de|en|es|fr|it,Europe,,https://psxdatacenter.com/games/P/W/SLES-03359.html
2523,SLES-00717,WORLD LEAGUE SOCCER '98,Europe,disc,E|G|S,de|en|es,Europe,,https://psxdatacenter.com/games/P/W/SLES-00717.html
2532,SLES-00483,WORMS PINBALL,Europe,disc,E|F|G|I|S,de|en|es|fr|it,Europe,,https://psxdatacenter.com/games/P/W/SLES-00483.html
2533,SLES-03804,WORMS WORLD PARTY,Europe,disc,E|D|F|G|I|N|S|Sw,en,Europe,,https://psxdatacenter.com/games/P/W/SLES-03804.html
2534,SCES-03907,WRC - FIA WORLD RALLY CHAMPIONSHIP ARCADE,Europe,disc,E|F|G|I|S|D|N|Du|Fi|P|Sw,da|de|en|es|fi|fr|it|nl|pt|sv,Europe,,https://psxdatacenter.com/games/P/W/SCES-03907.html
2535,SLES-00489,WRECKIN' CREW,Europe,disc,E|F|G|I|S,de|en|es|fr|it,Europe,,https://psxdatacenter.com/games/P/W/SLES-00489.html
2548,SLES-03433,X'TREME ROLLER,Europe,disc,E|F|G|I|Po|S,de|en|es|fr|it|pt,Europe,,https://psxdatacenter.com/games/P/X/SLES-03433.html
2550,SLES-00054,X-COM ENEMY UNKNOWN,Europe,disc,E|F|G|I|S,de|en|es|fr|it,Europe,,https://psxdatacenter.com/games/P/X/SLES-00054.html
2551,SLES-00077,X-COM - TERROR FROM THE DEEP,Europe,disc,E|F|G|I|S,de|en|es|fr|it,Europe,,https://psxdatacenter.com/games/P/X/SLES-00077.html
2552,SCES-01556,X-GAMES PRO BOARDER,Europe,disc,E|F|G|I|S|Sw|N,de|en|es|fr|it|sv,Europe,,https://psxdatacenter.com/games/P/X/SCES-01556.html
2561,SLES-02268,XENA - WARRIOR PRINCESS,Spain,disc,S,es,Spain,,https://psxdatacenter.com/games/P/X/SLES-02268.html
2566,SLES-00815,XENOCRACY - THE ULTIMATE SOLAR WAR,Spain,disc,S,es,Spain,,https://psxdatacenter.com/games/P/X/SLES-00815.html
2568,SLES-04101,XS AIRBOAT RACING,Europe,disc,E|F|G|I|S,de|en|es|fr|it,Europe,,https://psxdatacenter.com/games/P/X/SLES-04101.html
2569,SLES-04120,XS JUNIOR LEAGUE SOCCER,Europe,disc,E|F|G|I|S,de|en|es|fr|it,Europe,,https://psxdatacenter.com/games/P/X/SLES-04120.html
2570,SLES-04095,XS MOTO,Europe,disc,E|F|G|I|S,de|en|es|fr|it,Europe,,https://psxdatacenter.com/games/P/X/SLES-04095.html
2572,SLES-04164,YETISPORTS DELUXE,Europe,disc,E|F|G|I|S,de|en|es|fr|it,Europe,,https://psxdatacenter.com/games/P/Y/SLES-04164.html
2573,SLES-04170,YETISPORTS WORLD TOUR,Europe,disc,E|F|G|I|S,de|en|es|fr|it,Europe,,https://psxdatacenter.com/games/P/Y/SLES-04170.html
2580,SLES-03951,YU-GI-OH! - FORBIDDEN MEMORIES,Spain,disc,S,es,Spain,,https://psxdatacenter.com/games/P/Y/SLES-03951.html
2586,SCES-00604,Z,Spain,disc,S,es,Spain,,https://psxdatacenter.com/games/P/Z/SCES-00604.html
2592,SCES-01290,ZERO DIVIDE 2,Spain,disc,S,es,Spain,,https://psxdatacenter.com/games/P/Z/SCES-01290.html
